decision,left_id,right_id,simhash_distance,jaccard_5gram,thresholds,reason
MERGE_NEAR_DUP,https://elkodaily.com/news/local/adobe-student-receives-national-information-and-technology-award/article_ad2d9924-e87b-11ed-8510-473937de4c3d.html,https://elkodaily.com/news/local/adobe-student-receives-national-information-and-technology-award/article_ad2d9924-e87b-11ed-8510-473937de4c3d.html,0,1.0,hamming<=6;jaccard>=0.82,conservative thresholds satisfied
MERGE_NEAR_DUP,https://www.crn.com/news/managed-services/terry-richardson-on-why-he-left-amd-greenpages-technology-chops-and-the-ai-opportunity,https://www.crn.com/news/managed-services/terry-richardson-on-why-he-left-amd-greenpages-technology-chops-and-the-ai-opportunity,0,1.0,hamming<=6;jaccard>=0.82,conservative thresholds satisfied
MERGE_NEAR_DUP,https://www.wku.edu/healthinformationmanagement/,https://www.wku.edu/healthinformationmanagement/,0,1.0,hamming<=6;jaccard>=0.82,conservative thresholds satisfied
MERGE_NEAR_DUP,https://www.wku.edu/healthinformationmanagement/,https://www.wku.edu/healthinformationmanagement/,0,1.0,hamming<=6;jaccard>=0.82,conservative thresholds satisfied
MERGE_NEAR_DUP,https://www.federalregister.gov/agencies/office-of-government-information-services,https://www.federalregister.gov/agencies/office-of-government-information-services,0,1.0,hamming<=6;jaccard>=0.82,conservative thresholds satisfied
MERGE_NEAR_DUP,https://www.buffalo.edu/administrative-services/information-for-suppliers.html,https://www.buffalo.edu/administrative-services/information-for-suppliers.html,0,1.0,hamming<=6;jaccard>=0.82,conservative thresholds satisfied
REJECT_HAMMING,https://www.wsj.com/finance/investing/tech-media-telecom-roundup-market-talk-22d055db,https://www.wsj.com/articles/tech-media-telecom-roundup-market-talk-4d9333d5,11,0.4,hamming<=6;jaccard>=0.82,SimHash distance above 6/64
REJECT_HAMMING,https://www.devdiscourse.com/article/technology/2518545-ceinsys-tech-ltd-a-specialized-gis-mobility-engineering-services-provider-celebrates-25-years-of-enhancing-possibilities-e,https://www.maketecheasier.com/fix-system-service-exception-bsod-windows/,19,0.0,hamming<=6;jaccard>=0.82,SimHash distance above 6/64
MERGE_NEAR_DUP,https://seekingalpha.com/article/4628045-stewart-information-services-q2-earnings-waiting-for-better-times,https://seekingalpha.com/article/4628045-stewart-information-services-q2-earnings-waiting-for-better-times,0,1.0,hamming<=6;jaccard>=0.82,conservative thresholds satisfied
MERGE_NEAR_DUP,https://www.uh.edu/infotech/about/departments/tss/,https://www.uh.edu/infotech/about/departments/tss/,0,1.0,hamming<=6;jaccard>=0.82,conservative thresholds satisfied
REJECT_HAMMING,https://www.cambridgenetwork.co.uk/sectors/information-technology-and-telecoms,https://www.ou.edu/admissions/academics/business/management-information-systems,20,0.0,hamming<=6;jaccard>=0.82,SimHash distance above 6/64
REJECT_HAMMING,https://www.cambridgenetwork.co.uk/sectors/information-technology-and-telecoms,https://www.ou.edu/admissions/academics/business/management-information-systems,20,0.0,hamming<=6;jaccard>=0.82,SimHash distance above 6/64
REJECT_HAMMING,https://www.cambridgenetwork.co.uk/sectors/information-technology-and-telecoms,https://www.ou.edu/admissions/academics/business/management-information-systems,20,0.0,hamming<=6;jaccard>=0.82,SimHash distance above 6/64
MERGE_NEAR_DUP,https://www.computerweekly.com/microscope/resources/Network-Services,https://www.computerweekly.com/microscope/resources/Network-Services,0,1.0,hamming<=6;jaccard>=0.82,conservative thresholds satisfied
MERGE_NEAR_DUP,https://seekingalpha.com/article/4586605-information-services-group-inc-iii-q4-2022-earnings-call-transcript,https://seekingalpha.com/article/4586605-information-services-group-inc-iii-q4-2022-earnings-call-transcript,0,1.0,hamming<=6;jaccard>=0.82,conservative thresholds satisfied
MERGE_NEAR_DUP,https://seekingalpha.com/article/4586605-information-services-group-inc-iii-q4-2022-earnings-call-transcript,https://seekingalpha.com/article/4586605-information-services-group-inc-iii-q4-2022-earnings-call-transcript,0,1.0,hamming<=6;jaccard>=0.82,conservative thresholds satisfied
REJECT_HAMMING,https://washingtontechnology.com/companies/2023/04/renovus-unveils-new-government-services-company/385275/,https://www.sunnewsonline.com/ncc-committed-to-gender-equity-in-information-technology/,30,0.0,hamming<=6;jaccard>=0.82,SimHash distance above 6/64
REJECT_HAMMING,https://washingtontechnology.com/companies/2023/04/renovus-unveils-new-government-services-company/385275/,https://www.bizjournals.com/louisville/inno/stories/fundings/2023/05/19/vsimple-tech-startup-fundraising-workflow-2023.html,24,0.0,hamming<=6;jaccard>=0.82,SimHash distance above 6/64
REJECT_HAMMING,https://washingtontechnology.com/companies/2023/04/renovus-unveils-new-government-services-company/385275/,https://www.sunnewsonline.com/ncc-committed-to-gender-equity-in-information-technology/,30,0.0,hamming<=6;jaccard>=0.82,SimHash distance above 6/64
MERGE_NEAR_DUP,https://www.wwt.com/case-study/people-process-and-technology-to-scale-mlops-financial-services,https://www.wwt.com/case-study/people-process-and-technology-to-scale-mlops-financial-services,0,1.0,hamming<=6;jaccard>=0.82,conservative thresholds satisfied
MERGE_NEAR_DUP,https://it.tmcnet.com/news/2023/08/14/9863898.htm,https://technews.tmcnet.com/news/2023/08/14/9863898.htm,0,1.0,hamming<=6;jaccard>=0.82,conservative thresholds satisfied
REJECT_HAMMING,https://www.usnews.com/360-reviews/technology/streaming-services/best-live-tv-streaming-services,https://yourstory.com/2022/12/technology-innovation-driving-growth-arista-vault-indias-first-smart-luggage-brand,23,0.0,hamming<=6;jaccard>=0.82,SimHash distance above 6/64
MERGE_NEAR_DUP,https://www.unwomen.org/en/how-we-work/innovation-and-technology/glossary,https://www.unwomen.org/en/how-we-work/innovation-and-technology/glossary,0,1.0,hamming<=6;jaccard>=0.82,conservative thresholds satisfied
MERGE_NEAR_DUP,https://www.unwomen.org/en/how-we-work/innovation-and-technology/glossary,https://www.unwomen.org/en/how-we-work/innovation-and-technology/glossary,0,1.0,hamming<=6;jaccard>=0.82,conservative thresholds satisfied
REJECT_HAMMING,https://hk.finance.yahoo.com/news/q2-2023-information-services-group-055221584.html,https://it.tmcnet.com/news/2023/04/13/9794145.htm,31,0.0,hamming<=6;jaccard>=0.82,SimHash distance above 6/64
MERGE_NEAR_DUP,https://www.theregister.com/2023/07/06/microsoft_uk_software_services/,https://www.theregister.com/2023/07/06/microsoft_uk_software_services/,0,1.0,hamming<=6;jaccard>=0.82,conservative thresholds satisfied
MERGE_NEAR_DUP,https://www.reuters.com/technology/revolut-stop-crypto-services-us-customers-2023-08-04/,https://www.reuters.com/technology/revolut-stop-crypto-services-us-customers-2023-08-04/,0,1.0,hamming<=6;jaccard>=0.82,conservative thresholds satisfied
MERGE_NEAR_DUP,https://www.reuters.com/technology/revolut-stop-crypto-services-us-customers-2023-08-04/,https://www.reuters.com/technology/revolut-stop-crypto-services-us-customers-2023-08-04/,0,1.0,hamming<=6;jaccard>=0.82,conservative thresholds satisfied
MERGE_NEAR_DUP,https://www.moneycontrol.com/news/business/stocks/trade-spotlight-your-strategy-for-hdfc-bank-lt-technology-services-hpcl-today-11406451.html,https://www.moneycontrol.com/news/business/stocks/trade-spotlight-your-strategy-for-hdfc-bank-lt-technology-services-hpcl-today-11406451.html,0,1.0,hamming<=6;jaccard>=0.82,conservative thresholds satisfied
REJECT_HAMMING,https://www.moneycontrol.com/news/business/stocks/trade-spotlight-your-strategy-for-hdfc-bank-lt-technology-services-hpcl-today-11406451.html,https://www.fool.com/investing/2023/02/25/2-cheap-tech-stocks-to-buy-right-now/,19,0.0,hamming<=6;jaccard>=0.82,SimHash distance above 6/64
MERGE_NEAR_DUP,https://www.moneycontrol.com/news/business/stocks/trade-spotlight-your-strategy-for-hdfc-bank-lt-technology-services-hpcl-today-11406451.html,https://www.moneycontrol.com/news/business/stocks/trade-spotlight-your-strategy-for-hdfc-bank-lt-technology-services-hpcl-today-11406451.html,0,1.0,hamming<=6;jaccard>=0.82,conservative thresholds satisfied
MERGE_NEAR_DUP,http://koreabizwire.com/agc-biologics-and-gore-collaborate-on-new-protein-a-based-purification-technology-and-contract-manufacturing-services-for-antibody-therapies/235549,http://koreabizwire.com/agc-biologics-and-gore-collaborate-on-new-protein-a-based-purification-technology-and-contract-manufacturing-services-for-antibody-therapies/235549,0,1.0,hamming<=6;jaccard>=0.82,conservative thresholds satisfied
REJECT_HAMMING,https://www.fedscoop.com/ann-lewis-director-of-gsas-technology-transformation-services/,https://www.linkedin.com/advice/0/what-some-latest-trends-innovations-vpn-technology-services,28,0.0,hamming<=6;jaccard>=0.82,SimHash distance above 6/64
MERGE_NEAR_DUP,https://www.fedscoop.com/ann-lewis-director-of-gsas-technology-transformation-services/,https://www.fedscoop.com/ann-lewis-director-of-gsas-technology-transformation-services/,0,1.0,hamming<=6;jaccard>=0.82,conservative thresholds satisfied
MERGE_NEAR_DUP,https://afro.com/linking-finance-and-technology-can-brighten-financial-transactions/,https://afro.com/linking-finance-and-technology-can-brighten-financial-transactions/,0,1.0,hamming<=6;jaccard>=0.82,conservative thresholds satisfied
MERGE_NEAR_DUP,https://afro.com/linking-finance-and-technology-can-brighten-financial-transactions/,https://afro.com/linking-finance-and-technology-can-brighten-financial-transactions/,0,1.0,hamming<=6;jaccard>=0.82,conservative thresholds satisfied
MERGE_NEAR_DUP,https://www.engadget.com/best-video-streaming-services-133000093.html,https://www.engadget.com/best-video-streaming-services-133000093.html,0,1.0,hamming<=6;jaccard>=0.82,conservative thresholds satisfied
MERGE_NEAR_DUP,https://www.engadget.com/best-video-streaming-services-133000093.html,https://www.engadget.com/best-video-streaming-services-133000093.html,0,1.0,hamming<=6;jaccard>=0.82,conservative thresholds satisfied
REJECT_HAMMING,https://www.fmiblog.com/2023/06/09/condition-monitoring-service-market-navigation-imaging-and-positioning-solutions-market/,https://venturebeat.com/ai/quantum-computing-faces-the-ghosts-of-its-past-present-and-future/,27,0.0,hamming<=6;jaccard>=0.82,SimHash distance above 6/64
REJECT_HAMMING,https://www.plasticsnews.com/news/solvays-plastics-business-will-be-part-new-firm-syensqo,https://mb.com.ph/2022/12/10/kapihan-sa-mb-presents-episode-that-tackles-how-technology-and-innovation-drive-the-transformation-of-a-company/,28,0.0,hamming<=6;jaccard>=0.82,SimHash distance above 6/64
REJECT_HAMMING,https://www.plasticsnews.com/news/solvays-plastics-business-will-be-part-new-firm-syensqo,https://mb.com.ph/2022/12/10/kapihan-sa-mb-presents-episode-that-tackles-how-technology-and-innovation-drive-the-transformation-of-a-company/,28,0.0,hamming<=6;jaccard>=0.82,SimHash distance above 6/64
MERGE_NEAR_DUP,https://www.pewresearch.org/topic/internet-technology/,https://www.pewresearch.org/topic/internet-technology/,0,1.0,hamming<=6;jaccard>=0.82,conservative thresholds satisfied
REJECT_HAMMING,https://www.fordham.edu/summer-session/summer-courses/course-descriptions-by-subject/computer-and-information-science/,https://www.wsj.com/articles/tech-media-telecom-roundup-market-talk-6112e3c3,26,0.0,hamming<=6;jaccard>=0.82,SimHash distance above 6/64
MERGE_NEAR_DUP,https://www.waketech.edu/programs-courses/credit/human-services-technology,https://www.waketech.edu/programs-courses/credit/human-services-technology,0,1.0,hamming<=6;jaccard>=0.82,conservative thresholds satisfied
MERGE_NEAR_DUP,https://www.lse.co.uk/ShareChat.html?ShareTicker=SYN&thread=1761B9E9-406E-4695-9A01-A04F945D286C,https://www.lse.co.uk/ShareChat.html?ShareTicker=SYN&thread=6A33A28D-08D4-45D1-9034-EB2C392861E0,0,1.0,hamming<=6;jaccard>=0.82,conservative thresholds satisfied
MERGE_NEAR_DUP,https://www.lse.co.uk/ShareChat.html?ShareTicker=SYN&thread=1761B9E9-406E-4695-9A01-A04F945D286C,https://www.lse.co.uk/ShareChat.html?ShareTicker=SYN&thread=405F83D1-5330-407E-96B7-F9F22E2EE3CD,0,1.0,hamming<=6;jaccard>=0.82,conservative thresholds satisfied
MERGE_NEAR_DUP,https://www.lse.co.uk/ShareChat.html?ShareTicker=SYN&thread=1761B9E9-406E-4695-9A01-A04F945D286C,https://www.lse.co.uk/ShareChat.html?ShareTicker=SYN&thread=D84615CC-0317-4A0A-BC2A-B52A1EA2ABC5,0,1.0,hamming<=6;jaccard>=0.82,conservative thresholds satisfied
MERGE_NEAR_DUP,https://www.lse.co.uk/ShareChat.html?ShareTicker=SYN&thread=1761B9E9-406E-4695-9A01-A04F945D286C,https://www.lse.co.uk/ShareChat.html?ShareTicker=SYN&thread=275160ED-66C6-4D80-BAF3-6042F5B8594E,0,1.0,hamming<=6;jaccard>=0.82,conservative thresholds satisfied
MERGE_NEAR_DUP,https://www.lse.co.uk/ShareChat.html?ShareTicker=SYN&thread=1761B9E9-406E-4695-9A01-A04F945D286C,https://www.lse.co.uk/ShareChat.html?ShareTicker=SYN&thread=17D3E033-007A-4FC2-94B6-3CDFCE3B8717,0,1.0,hamming<=6;jaccard>=0.82,conservative thresholds satisfied
MERGE_NEAR_DUP,https://www.lse.co.uk/ShareChat.html?ShareTicker=SYN&thread=1761B9E9-406E-4695-9A01-A04F945D286C,https://www.lse.co.uk/ShareChat.html?ShareTicker=SYN&thread=542158BC-2831-4043-90DD-911AAD0752A8,0,1.0,hamming<=6;jaccard>=0.82,conservative thresholds satisfied
MERGE_NEAR_DUP,https://www.lse.co.uk/ShareChat.html?ShareTicker=SYN&thread=1761B9E9-406E-4695-9A01-A04F945D286C,https://www.lse.co.uk/ShareChat.html?ShareTicker=SYN&thread=DC62AF9A-800B-4D20-B735-BED7D98AC106,0,1.0,hamming<=6;jaccard>=0.82,conservative thresholds satisfied
MERGE_NEAR_DUP,https://www.lse.co.uk/ShareChat.html?ShareTicker=SYN&thread=1761B9E9-406E-4695-9A01-A04F945D286C,https://www.lse.co.uk/ShareChat.html?ShareTicker=SYN&thread=D691E069-DB95-4A64-8C4A-0D47D3362F20,0,1.0,hamming<=6;jaccard>=0.82,conservative thresholds satisfied
MERGE_NEAR_DUP,https://www.lse.co.uk/ShareChat.html?ShareTicker=SYN&thread=1761B9E9-406E-4695-9A01-A04F945D286C,https://www.lse.co.uk/ShareChat.html?ShareTicker=SYN&thread=7C0403D9-A368-4A92-B03B-50328C5E23AF,0,1.0,hamming<=6;jaccard>=0.82,conservative thresholds satisfied
MERGE_NEAR_DUP,https://www.lse.co.uk/ShareChat.html?ShareTicker=SYN&thread=1761B9E9-406E-4695-9A01-A04F945D286C,https://www.lse.co.uk/ShareChat.asp?ShareTicker=SYN&thread=29D319F6-2559-4514-A6F4-898ADC9172D1,0,1.0,hamming<=6;jaccard>=0.82,conservative thresholds satisfied
MERGE_NEAR_DUP,https://www.lse.co.uk/ShareChat.html?ShareTicker=SYN&thread=1761B9E9-406E-4695-9A01-A04F945D286C,https://www.lse.co.uk/ShareChat.html?ShareTicker=SYN&thread=27C5C7AB-9D1B-4CED-9335-E3449B867012,0,1.0,hamming<=6;jaccard>=0.82,conservative thresholds satisfied
MERGE_NEAR_DUP,https://www.lse.co.uk/ShareChat.html?ShareTicker=SYN&thread=1761B9E9-406E-4695-9A01-A04F945D286C,https://www.lse.co.uk/ShareChat.html?ShareTicker=SYN&thread=654756FF-7D7D-4A54-9E1A-A306CB4A381C,0,1.0,hamming<=6;jaccard>=0.82,conservative thresholds satisfied
MERGE_NEAR_DUP,https://www.lse.co.uk/ShareChat.html?ShareTicker=SYN&thread=1761B9E9-406E-4695-9A01-A04F945D286C,https://www.lse.co.uk/ShareChat.html?ShareTicker=SYN&thread=A116820B-33AF-46DC-8FCA-6634AA49BF5B,0,1.0,hamming<=6;jaccard>=0.82,conservative thresholds satisfied
MERGE_NEAR_DUP,https://www.lse.co.uk/ShareChat.html?ShareTicker=SYN&thread=1761B9E9-406E-4695-9A01-A04F945D286C,https://www.lse.co.uk/ShareChat.html?ShareTicker=SYN&thread=F39998C0-2936-476D-9D17-71A4E00F3E44,0,1.0,hamming<=6;jaccard>=0.82,conservative thresholds satisfied
MERGE_NEAR_DUP,https://www.middlebury.edu/office/information-technology-services/news/its-helpdesk-winter-break-information-0,https://www.middlebury.edu/office/information-technology-services/news/its-helpdesk-winter-break-information-0,0,1.0,hamming<=6;jaccard>=0.82,conservative thresholds satisfied
MERGE_NEAR_DUP,https://www.cnet.com/tech/gaming/here-are-the-best-game-subscription-services/,https://www.cnet.com/tech/gaming/here-are-the-best-game-subscription-services/,0,1.0,hamming<=6;jaccard>=0.82,conservative thresholds satisfied
MERGE_NEAR_DUP,https://finance.yahoo.com/news/stericycle-chief-financial-officer-chief-110000546.html,https://finance.yahoo.com/news/stericycle-chief-financial-officer-chief-110000546.html,0,1.0,hamming<=6;jaccard>=0.82,conservative thresholds satisfied
MERGE_NEAR_DUP,https://finance.yahoo.com/news/stericycle-chief-financial-officer-chief-110000546.html,https://finance.yahoo.com/news/stericycle-chief-financial-officer-chief-110000546.html,0,1.0,hamming<=6;jaccard>=0.82,conservative thresholds satisfied
MERGE_NEAR_DUP,https://www.cnbc.com/select/best-identity-theft-protection-services/,https://www.cnbc.com/select/best-identity-theft-protection-services/,0,1.0,hamming<=6;jaccard>=0.82,conservative thresholds satisfied
MERGE_NEAR_DUP,https://www.essence.com/business/data-provokes-thought-and-changes-lives-heres-how-technology-canenhance-equity/,https://www.essence.com/business/data-provokes-thought-and-changes-lives-heres-how-technology-canenhance-equity/,0,1.0,hamming<=6;jaccard>=0.82,conservative thresholds satisfied
MERGE_NEAR_DUP,https://www.marketwatch.com/press-release/bioremediation-technology-and-services-market-size-2023-2029-industry-share-growth-factor-revenue-and-trends-outlook-report-2022-12-18,https://www.marketwatch.com/press-release/bioremediation-technology-and-services-market-size-2023-2029-industry-share-growth-factor-revenue-and-trends-outlook-report-2022-12-18,0,1.0,hamming<=6;jaccard>=0.82,conservative thresholds satisfied
MERGE_NEAR_DUP,https://www.marketwatch.com/press-release/bioremediation-technology-and-services-market-size-2023-2029-industry-share-growth-factor-revenue-and-trends-outlook-report-2022-12-18,https://www.marketwatch.com/press-release/bioremediation-technology-and-services-market-size-2023-2029-industry-share-growth-factor-revenue-and-trends-outlook-report-2022-12-18,0,1.0,hamming<=6;jaccard>=0.82,conservative thresholds satisfied
MERGE_NEAR_DUP,https://www.astuteanalytica.com/industry/information-technology,https://www.astuteanalytica.com/industry/information-technology,0,1.0,hamming<=6;jaccard>=0.82,conservative thresholds satisfied
MERGE_NEAR_DUP,https://www.astuteanalytica.com/industry/information-technology,https://www.astuteanalytica.com/industry/information-technology,0,1.0,hamming<=6;jaccard>=0.82,conservative thresholds satisfied
REJECT_HAMMING,https://seekingalpha.com/article/4593865-selected-information-technology-stocks-ranked-by-value,https://www.marketwatch.com/press-release/talent-acquisition-and-staffing-technology-and-services-market-facts-and-figures-by-2031-2023-04-08,17,0.0,hamming<=6;jaccard>=0.82,SimHash distance above 6/64
REJECT_HAMMING,https://seekingalpha.com/article/4593865-selected-information-technology-stocks-ranked-by-value,https://accesswdun.com/article/2023/9/1205387,17,0.0,hamming<=6;jaccard>=0.82,SimHash distance above 6/64
MERGE_NEAR_DUP,https://seekingalpha.com/article/4593865-selected-information-technology-stocks-ranked-by-value,https://seekingalpha.com/article/4593865-selected-information-technology-stocks-ranked-by-value,0,1.0,hamming<=6;jaccard>=0.82,conservative thresholds satisfied
MERGE_NEAR_DUP,https://seekingalpha.com/article/4593865-selected-information-technology-stocks-ranked-by-value,https://seekingalpha.com/article/4593865-selected-information-technology-stocks-ranked-by-value,0,1.0,hamming<=6;jaccard>=0.82,conservative thresholds satisfied
MERGE_NEAR_DUP,https://indianexpress.com/article/technology/tech-news-technology/jio-fiber-service-down-restore-8349019/,https://indianexpress.com/article/technology/tech-news-technology/jio-fiber-service-down-restore-8349019/,0,1.0,hamming<=6;jaccard>=0.82,conservative thresholds satisfied
MERGE_NEAR_DUP,https://indianexpress.com/article/technology/tech-news-technology/jio-fiber-service-down-restore-8349019/,https://indianexpress.com/article/technology/tech-news-technology/jio-fiber-service-down-restore-8349019/,0,1.0,hamming<=6;jaccard>=0.82,conservative thresholds satisfied
MERGE_NEAR_DUP,https://www.itworldcanada.com/article/new-mastodon-site-dedicated-to-technology-news-and-information-launches-technews-social/519499,https://www.itworldcanada.com/article/new-mastodon-site-dedicated-to-technology-news-and-information-launches-technews-social/519499,0,1.0,hamming<=6;jaccard>=0.82,conservative thresholds satisfied
MERGE_NEAR_DUP,https://www.musicconnection.com/is-technology-making-music-more-accessible-a-closer-look-at-how-ai-transforms-the-way-we-experience-learn-and-create-music/,https://www.musicconnection.com/is-technology-making-music-more-accessible-a-closer-look-at-how-ai-transforms-the-way-we-experience-learn-and-create-music/,0,1.0,hamming<=6;jaccard>=0.82,conservative thresholds satisfied
MERGE_NEAR_DUP,https://gulfnews.com/business/corporate-news/mercans-acclaimed-by-top-global-analysts-as-a-leader-in-payroll-technology-for-its-excellence-1.1672231456394,https://gulfnews.com/business/corporate-news/mercans-acclaimed-by-top-global-analysts-as-a-leader-in-payroll-technology-for-its-excellence-1.1672231456394,0,1.0,hamming<=6;jaccard>=0.82,conservative thresholds satisfied
MERGE_NEAR_DUP,https://seekingalpha.com/news/3989409-fidelity-national-information-services-inc-declares-0_52-dividend,https://seekingalpha.com/news/3996877-information-services-corporation-non-gaap-eps-of-c051-revenue-of-c533m,0,1.0,hamming<=6;jaccard>=0.82,conservative thresholds satisfied
MERGE_NEAR_DUP,https://seekingalpha.com/news/3989409-fidelity-national-information-services-inc-declares-0_52-dividend,https://seekingalpha.com/news/3996877-information-services-corporation-non-gaap-eps-of-c051-revenue-of-c533m,0,1.0,hamming<=6;jaccard>=0.82,conservative thresholds satisfied
MERGE_NEAR_DUP,https://seekingalpha.com/news/3989409-fidelity-national-information-services-inc-declares-0_52-dividend,https://seekingalpha.com/news/3949929-givex-information-technology-group-reports-q4-results,0,1.0,hamming<=6;jaccard>=0.82,conservative thresholds satisfied
MERGE_NEAR_DUP,https://seekingalpha.com/news/3989409-fidelity-national-information-services-inc-declares-0_52-dividend,https://seekingalpha.com/news/3989409-fidelity-national-information-services-inc-declares-0_52-dividend,0,1.0,hamming<=6;jaccard>=0.82,conservative thresholds satisfied
MERGE_NEAR_DUP,https://seekingalpha.com/news/3989409-fidelity-national-information-services-inc-declares-0_52-dividend,https://seekingalpha.com/news/3989409-fidelity-national-information-services-inc-declares-0_52-dividend,0,1.0,hamming<=6;jaccard>=0.82,conservative thresholds satisfied
MERGE_NEAR_DUP,https://newstalkkzrg.com/2022/12/05/kansas-gives-a-farewell-to-secretary-of-administration-and-chief-information-technology-officer-dr-deangela-burns-wallace/,https://newstalkkzrg.com/2022/12/05/kansas-gives-a-farewell-to-secretary-of-administration-and-chief-information-technology-officer-dr-deangela-burns-wallace/,0,1.0,hamming<=6;jaccard>=0.82,conservative thresholds satisfied
MERGE_NEAR_DUP,https://www.prnewswire.co.uk/news-releases/nec-iberica-and-nec-laboratories-europe-advance-data-space-and-5g-technology-research-with-a-smart-campus-for-the-university-of-murcia-301692766.html,https://www.prnewswire.co.uk/news-releases/nec-iberica-and-nec-laboratories-europe-advance-data-space-and-5g-technology-research-with-a-smart-campus-for-the-university-of-murcia-301692766.html,0,1.0,hamming<=6;jaccard>=0.82,conservative thresholds satisfied
MERGE_NEAR_DUP,https://www.prnewswire.co.uk/news-releases/nec-iberica-and-nec-laboratories-europe-advance-data-space-and-5g-technology-research-with-a-smart-campus-for-the-university-of-murcia-301692766.html,https://www.prnewswire.co.uk/news-releases/nec-iberica-and-nec-laboratories-europe-advance-data-space-and-5g-technology-research-with-a-smart-campus-for-the-university-of-murcia-301692766.html,0,1.0,hamming<=6;jaccard>=0.82,conservative thresholds satisfied
MERGE_NEAR_DUP,https://www.cic.gc.ca/ENGLISH/newcomers/services/index.asp,https://www.cic.gc.ca/ENGLISH/newcomers/services/index.asp,0,1.0,hamming<=6;jaccard>=0.82,conservative thresholds satisfied
MERGE_NEAR_DUP,https://www.cic.gc.ca/ENGLISH/newcomers/services/index.asp,https://www.cic.gc.ca/ENGLISH/newcomers/services/index.asp,0,1.0,hamming<=6;jaccard>=0.82,conservative thresholds satisfied
MERGE_NEAR_DUP,https://www.zdnet.com/article/microsoft-heres-how-our-technology-disrupts-ransomware-and-phishing-attacks/,https://www.zdnet.com/article/microsoft-heres-how-our-technology-disrupts-ransomware-and-phishing-attacks/,0,1.0,hamming<=6;jaccard>=0.82,conservative thresholds satisfied
MERGE_NEAR_DUP,https://www.zdnet.com/article/microsoft-heres-how-our-technology-disrupts-ransomware-and-phishing-attacks/,https://www.zdnet.com/article/microsoft-heres-how-our-technology-disrupts-ransomware-and-phishing-attacks/,0,1.0,hamming<=6;jaccard>=0.82,conservative thresholds satisfied
REJECT_HAMMING,https://www.traveldailymedia.com/star-micronics-showcases-cloud-receipt-order-and-food-label-printing-solutions-at-food-hotel-tech-2023-paris/,https://www.technologyreview.com/2023/09/21/1079967/the-download-whats-next-for-supercomputers-and-electrifying-everything/,24,0.0,hamming<=6;jaccard>=0.82,SimHash distance above 6/64
REJECT_HAMMING,https://www.traveldailymedia.com/star-micronics-showcases-cloud-receipt-order-and-food-label-printing-solutions-at-food-hotel-tech-2023-paris/,https://www.brecorder.com/news/40228845/ai-summit-2023-putting-pakistan-on-the-map-for-artificial-intelligence,25,0.0,hamming<=6;jaccard>=0.82,SimHash distance above 6/64
MERGE_NEAR_DUP,https://www.thehindubusinessline.com/on-campus/embrace-technology-and-outskill-your-competition/article66553117.ece,https://www.thehindubusinessline.com/on-campus/embrace-technology-and-outskill-your-competition/article66553117.ece,0,1.0,hamming<=6;jaccard>=0.82,conservative thresholds satisfied
REJECT_HAMMING,https://www.wsj.com/articles/as-generative-ai-gets-hotter-kkr-bets-on-keeping-data-centers-cool-d3d62cc7,https://apnews.com/article/france-china-russia-chip-technology-smuggling-66a8a4edcaf7137e109a16d6d300cd94,30,0.0,hamming<=6;jaccard>=0.82,SimHash distance above 6/64
MERGE_NEAR_DUP,https://www.nextgov.com/emerging-tech/2023/01/video-game-technology-tapped-medically-train-astronauts-future-moon-and-mars-missions/382303/,https://www.nextgov.com/emerging-tech/2023/01/video-game-technology-tapped-medically-train-astronauts-future-moon-and-mars-missions/382303/,0,1.0,hamming<=6;jaccard>=0.82,conservative thresholds satisfied
MERGE_NEAR_DUP,https://www.nextgov.com/emerging-tech/2023/01/video-game-technology-tapped-medically-train-astronauts-future-moon-and-mars-missions/382303/,https://www.nextgov.com/emerging-tech/2023/01/video-game-technology-tapped-medically-train-astronauts-future-moon-and-mars-missions/382303/,0,1.0,hamming<=6;jaccard>=0.82,conservative thresholds satisfied
REJECT_HAMMING,https://www.devdiscourse.com/article/technology/2451892-ifi-techsolutions-recognized-as-a-microsoft-azure-expert-managed-service-provider,https://wgnradio.com/lisa-dent/howard-tullman-on-why-you-shouldnt-gamble-on-tech-security/,24,0.0,hamming<=6;jaccard>=0.82,SimHash distance above 6/64
MERGE_NEAR_DUP,https://www.uh.edu/education/student-services/technology-services/,https://www.uh.edu/education/student-services/technology-services/,0,1.0,hamming<=6;jaccard>=0.82,conservative thresholds satisfied
MERGE_NEAR_DUP,https://www.uh.edu/education/student-services/technology-services/,https://www.uh.edu/education/student-services/technology-services/,0,1.0,hamming<=6;jaccard>=0.82,conservative thresholds satisfied
REJECT_HAMMING,https://www.uh.edu/education/student-services/technology-services/,https://www.news.com.au/technology/science/animals/queensland-parks-and-wildlife-service-fines-fisherman-for-feeding-dolphin/news-story/fd87154f39c582853e20a395b080a849,22,0.0,hamming<=6;jaccard>=0.82,SimHash distance above 6/64
REJECT_HAMMING,https://www.laweekly.com/synchronis-finds-its-niche-applying-tech-innovation-with-a-craftsman-like-touch/,https://meduza.io/en/news/2023/10/04/russia-s-fsb-requests-online-services-be-required-to-collect-and-provide-users-geolocation-and-payment-information,23,0.0,hamming<=6;jaccard>=0.82,SimHash distance above 6/64
REJECT_HAMMING,https://www.msn.com/en-xl/news/other/yoon-says-science-technology-form-basis-of-all-industries/ar-AA15JjyR,https://www.ketk.com/sports/10-10-for-lens-as-it-maintains-perfect-league-home-record/,24,0.0,hamming<=6;jaccard>=0.82,SimHash distance above 6/64
MERGE_NEAR_DUP,https://www.lse.co.uk/ShareChat.html?ShareTicker=SYN&thread=6A33A28D-08D4-45D1-9034-EB2C392861E0,https://www.lse.co.uk/ShareChat.html?ShareTicker=SYN&thread=405F83D1-5330-407E-96B7-F9F22E2EE3CD,0,1.0,hamming<=6;jaccard>=0.82,conservative thresholds satisfied
MERGE_NEAR_DUP,https://www.lse.co.uk/ShareChat.html?ShareTicker=SYN&thread=6A33A28D-08D4-45D1-9034-EB2C392861E0,https://www.lse.co.uk/ShareChat.html?ShareTicker=SYN&thread=D84615CC-0317-4A0A-BC2A-B52A1EA2ABC5,0,1.0,hamming<=6;jaccard>=0.82,conservative thresholds satisfied
MERGE_NEAR_DUP,https://www.lse.co.uk/ShareChat.html?ShareTicker=SYN&thread=6A33A28D-08D4-45D1-9034-EB2C392861E0,https://www.lse.co.uk/ShareChat.html?ShareTicker=SYN&thread=275160ED-66C6-4D80-BAF3-6042F5B8594E,0,1.0,hamming<=6;jaccard>=0.82,conservative thresholds satisfied
MERGE_NEAR_DUP,https://www.lse.co.uk/ShareChat.html?ShareTicker=SYN&thread=6A33A28D-08D4-45D1-9034-EB2C392861E0,https://www.lse.co.uk/ShareChat.html?ShareTicker=SYN&thread=17D3E033-007A-4FC2-94B6-3CDFCE3B8717,0,1.0,hamming<=6;jaccard>=0.82,conservative thresholds satisfied
MERGE_NEAR_DUP,https://www.lse.co.uk/ShareChat.html?ShareTicker=SYN&thread=6A33A28D-08D4-45D1-9034-EB2C392861E0,https://www.lse.co.uk/ShareChat.html?ShareTicker=SYN&thread=542158BC-2831-4043-90DD-911AAD0752A8,0,1.0,hamming<=6;jaccard>=0.82,conservative thresholds satisfied
MERGE_NEAR_DUP,https://www.lse.co.uk/ShareChat.html?ShareTicker=SYN&thread=6A33A28D-08D4-45D1-9034-EB2C392861E0,https://www.lse.co.uk/ShareChat.html?ShareTicker=SYN&thread=DC62AF9A-800B-4D20-B735-BED7D98AC106,0,1.0,hamming<=6;jaccard>=0.82,conservative thresholds satisfied
MERGE_NEAR_DUP,https://www.lse.co.uk/ShareChat.html?ShareTicker=SYN&thread=6A33A28D-08D4-45D1-9034-EB2C392861E0,https://www.lse.co.uk/ShareChat.html?ShareTicker=SYN&thread=D691E069-DB95-4A64-8C4A-0D47D3362F20,0,1.0,hamming<=6;jaccard>=0.82,conservative thresholds satisfied
MERGE_NEAR_DUP,https://www.lse.co.uk/ShareChat.html?ShareTicker=SYN&thread=6A33A28D-08D4-45D1-9034-EB2C392861E0,https://www.lse.co.uk/ShareChat.html?ShareTicker=SYN&thread=7C0403D9-A368-4A92-B03B-50328C5E23AF,0,1.0,hamming<=6;jaccard>=0.82,conservative thresholds satisfied
MERGE_NEAR_DUP,https://www.lse.co.uk/ShareChat.html?ShareTicker=SYN&thread=6A33A28D-08D4-45D1-9034-EB2C392861E0,https://www.lse.co.uk/ShareChat.asp?ShareTicker=SYN&thread=29D319F6-2559-4514-A6F4-898ADC9172D1,0,1.0,hamming<=6;jaccard>=0.82,conservative thresholds satisfied
MERGE_NEAR_DUP,https://www.lse.co.uk/ShareChat.html?ShareTicker=SYN&thread=6A33A28D-08D4-45D1-9034-EB2C392861E0,https://www.lse.co.uk/ShareChat.html?ShareTicker=SYN&thread=27C5C7AB-9D1B-4CED-9335-E3449B867012,0,1.0,hamming<=6;jaccard>=0.82,conservative thresholds satisfied
MERGE_NEAR_DUP,https://www.lse.co.uk/ShareChat.html?ShareTicker=SYN&thread=6A33A28D-08D4-45D1-9034-EB2C392861E0,https://www.lse.co.uk/ShareChat.html?ShareTicker=SYN&thread=654756FF-7D7D-4A54-9E1A-A306CB4A381C,0,1.0,hamming<=6;jaccard>=0.82,conservative thresholds satisfied
MERGE_NEAR_DUP,https://www.lse.co.uk/ShareChat.html?ShareTicker=SYN&thread=6A33A28D-08D4-45D1-9034-EB2C392861E0,https://www.lse.co.uk/ShareChat.html?ShareTicker=SYN&thread=A116820B-33AF-46DC-8FCA-6634AA49BF5B,0,1.0,hamming<=6;jaccard>=0.82,conservative thresholds satisfied
MERGE_NEAR_DUP,https://www.lse.co.uk/ShareChat.html?ShareTicker=SYN&thread=6A33A28D-08D4-45D1-9034-EB2C392861E0,https://www.lse.co.uk/ShareChat.html?ShareTicker=SYN&thread=F39998C0-2936-476D-9D17-71A4E00F3E44,0,1.0,hamming<=6;jaccard>=0.82,conservative thresholds satisfied
MERGE_NEAR_DUP,https://www.investopedia.com/terms/u/us-department-health-and-human-services-hhs.asp,https://www.investopedia.com/terms/u/us-department-health-and-human-services-hhs.asp,0,1.0,hamming<=6;jaccard>=0.82,conservative thresholds satisfied
MERGE_NEAR_DUP,https://news.gatech.edu/news/2023/06/12/howell-selected-interim-vice-president-information-technology-and-chief-information,https://news.gatech.edu/news/2023/06/12/howell-selected-interim-vice-president-information-technology-and-chief-information,0,1.0,hamming<=6;jaccard>=0.82,conservative thresholds satisfied
MERGE_NEAR_DUP,https://www.sunnewsonline.com/ncc-committed-to-gender-equity-in-information-technology/,https://www.sunnewsonline.com/ncc-committed-to-gender-equity-in-information-technology/,0,1.0,hamming<=6;jaccard>=0.82,conservative thresholds satisfied
MERGE_NEAR_DUP,https://www.benzinga.com/money/best-information-technology-etfs-right-now,https://www.benzinga.com/money/best-information-technology-etfs-right-now,0,1.0,hamming<=6;jaccard>=0.82,conservative thresholds satisfied
MERGE_NEAR_DUP,https://www.benzinga.com/money/best-information-technology-etfs-right-now,https://www.benzinga.com/money/best-information-technology-etfs-right-now,0,1.0,hamming<=6;jaccard>=0.82,conservative thresholds satisfied
MERGE_NEAR_DUP,https://menafn.com/1105718174/Global-Bioremediation-Technology-And-Services-Market-Report-2022-2028-Demand-In-Mining-Petroleum-Farming-Nuclear-Power-Fuels-Growth,https://menafn.com/1105718174/Global-Bioremediation-Technology-And-Services-Market-Report-2022-2028-Demand-In-Mining-Petroleum-Farming-Nuclear-Power-Fuels-Growth,0,1.0,hamming<=6;jaccard>=0.82,conservative thresholds satisfied
MERGE_NEAR_DUP,https://menafn.com/1105718174/Global-Bioremediation-Technology-And-Services-Market-Report-2022-2028-Demand-In-Mining-Petroleum-Farming-Nuclear-Power-Fuels-Growth,https://menafn.com/1105718174/Global-Bioremediation-Technology-And-Services-Market-Report-2022-2028-Demand-In-Mining-Petroleum-Farming-Nuclear-Power-Fuels-Growth,0,1.0,hamming<=6;jaccard>=0.82,conservative thresholds satisfied
REJECT_HAMMING,https://www.benzinga.com/pressreleases/23/08/33773411/technology-research-services-market-analysis-report-2023-2030-104-pages-report,https://www.benzinga.com/pressreleases/23/09/34717593/technology-research-services-market-development-outlook-2023-2030-business-strategies-with-growth-i,13,0.7619,hamming<=6;jaccard>=0.82,SimHash distance above 6/64
REJECT_HAMMING,https://www.benzinga.com/pressreleases/23/08/33773411/technology-research-services-market-analysis-report-2023-2030-104-pages-report,https://www.thegazette.com/k/what-does-information-technology-in-schools-look-like-today/,22,0.0,hamming<=6;jaccard>=0.82,SimHash distance above 6/64
REJECT_HAMMING,https://www.benzinga.com/pressreleases/23/08/33773411/technology-research-services-market-analysis-report-2023-2030-104-pages-report,https://www.thegazette.com/k/what-does-information-technology-in-schools-look-like-today/,22,0.0,hamming<=6;jaccard>=0.82,SimHash distance above 6/64
MERGE_NEAR_DUP,https://www.cnbc.com/select/best-credit-monitoring-services/,https://www.cnbc.com/select/best-credit-monitoring-services/,0,1.0,hamming<=6;jaccard>=0.82,conservative thresholds satisfied
MERGE_NEAR_DUP,https://www.cnbc.com/select/best-credit-monitoring-services/,https://www.cnbc.com/select/best-credit-monitoring-services/,0,1.0,hamming<=6;jaccard>=0.82,conservative thresholds satisfied
MERGE_NEAR_DUP,https://www.pcmag.com/picks/the-best-email-encryption-services,https://www.pcmag.com/picks/the-best-email-encryption-services,0,1.0,hamming<=6;jaccard>=0.82,conservative thresholds satisfied
MERGE_NEAR_DUP,https://www.pcmag.com/picks/the-best-email-encryption-services,https://www.pcmag.com/picks/the-best-email-encryption-services,0,1.0,hamming<=6;jaccard>=0.82,conservative thresholds satisfied
MERGE_NEAR_DUP,https://www.tmcnet.com/usubmit/-systems-solution-inc-opens-new-company-headquarters-depot-/2023/03/15/9777681.htm,https://it.tmcnet.com/news/2023/03/15/9777681.htm,0,1.0,hamming<=6;jaccard>=0.82,conservative thresholds satisfied
MERGE_NEAR_DUP,https://www.ibef.org/industry/information-technology-india,https://www.ibef.org/industry/information-technology-india,0,1.0,hamming<=6;jaccard>=0.82,conservative thresholds satisfied
MERGE_NEAR_DUP,https://www.ibef.org/industry/information-technology-india,https://www.ibef.org/industry/information-technology-india,0,1.0,hamming<=6;jaccard>=0.82,conservative thresholds satisfied
MERGE_NEAR_DUP,https://www.insidermonkey.com/blog/should-you-hold-stewart-information-services-stc-1204720/,https://www.insidermonkey.com/blog/should-you-hold-stewart-information-services-stc-1204720/,0,1.0,hamming<=6;jaccard>=0.82,conservative thresholds satisfied
MERGE_NEAR_DUP,https://www.insidermonkey.com/blog/should-you-hold-stewart-information-services-stc-1204720/,https://www.insidermonkey.com/blog/should-you-hold-stewart-information-services-stc-1204720/,0,1.0,hamming<=6;jaccard>=0.82,conservative thresholds satisfied
MERGE_NEAR_DUP,https://sf.gov/departments/committee-information-technology-coit,https://sf.gov/departments/committee-information-technology-coit,0,1.0,hamming<=6;jaccard>=0.82,conservative thresholds satisfied
MERGE_NEAR_DUP,https://sf.gov/departments/committee-information-technology-coit,https://sf.gov/departments/committee-information-technology-coit,0,1.0,hamming<=6;jaccard>=0.82,conservative thresholds satisfied
REJECT_HAMMING,https://www.benzinga.com/pressreleases/23/09/34717593/technology-research-services-market-development-outlook-2023-2030-business-strategies-with-growth-i,https://www.thegazette.com/k/what-does-information-technology-in-schools-look-like-today/,21,0.0,hamming<=6;jaccard>=0.82,SimHash distance above 6/64
REJECT_HAMMING,https://www.benzinga.com/pressreleases/23/09/34717593/technology-research-services-market-development-outlook-2023-2030-business-strategies-with-growth-i,https://www.thegazette.com/k/what-does-information-technology-in-schools-look-like-today/,21,0.0,hamming<=6;jaccard>=0.82,SimHash distance above 6/64
REJECT_HAMMING,https://technews.tmcnet.com/news/2023/07/20/9851763.htm,https://www.finanznachrichten.de/nachrichten-2023-02/58212558-information-services-group-inc-rise-of-public-clouds-in-france-lifts-aws-adoption-004.htm,24,0.0,hamming<=6;jaccard>=0.82,SimHash distance above 6/64
MERGE_NEAR_DUP,https://www.sussex.ac.uk/study/masters/courses/management-of-information-technology-msc,https://www.sussex.ac.uk/study/masters/courses/management-of-information-technology-msc/2023,0,1.0,hamming<=6;jaccard>=0.82,conservative thresholds satisfied
MERGE_NEAR_DUP,https://www.sussex.ac.uk/study/masters/courses/management-of-information-technology-msc,https://www.sussex.ac.uk/study/masters/courses/management-of-information-technology-msc,0,1.0,hamming<=6;jaccard>=0.82,conservative thresholds satisfied
MERGE_NEAR_DUP,https://udayton.edu/policies/it/index.php,https://udayton.edu/policies/it/index.php,0,1.0,hamming<=6;jaccard>=0.82,conservative thresholds satisfied
MERGE_NEAR_DUP,https://udayton.edu/policies/it/index.php,https://udayton.edu/policies/it/index.php,0,1.0,hamming<=6;jaccard>=0.82,conservative thresholds satisfied
MERGE_NEAR_DUP,https://www.lse.co.uk/ShareChat.html?ShareTicker=SYN&thread=405F83D1-5330-407E-96B7-F9F22E2EE3CD,https://www.lse.co.uk/ShareChat.html?ShareTicker=SYN&thread=D84615CC-0317-4A0A-BC2A-B52A1EA2ABC5,0,1.0,hamming<=6;jaccard>=0.82,conservative thresholds satisfied
MERGE_NEAR_DUP,https://www.lse.co.uk/ShareChat.html?ShareTicker=SYN&thread=405F83D1-5330-407E-96B7-F9F22E2EE3CD,https://www.lse.co.uk/ShareChat.html?ShareTicker=SYN&thread=275160ED-66C6-4D80-BAF3-6042F5B8594E,0,1.0,hamming<=6;jaccard>=0.82,conservative thresholds satisfied
MERGE_NEAR_DUP,https://www.lse.co.uk/ShareChat.html?ShareTicker=SYN&thread=405F83D1-5330-407E-96B7-F9F22E2EE3CD,https://www.lse.co.uk/ShareChat.html?ShareTicker=SYN&thread=17D3E033-007A-4FC2-94B6-3CDFCE3B8717,0,1.0,hamming<=6;jaccard>=0.82,conservative thresholds satisfied
MERGE_NEAR_DUP,https://www.lse.co.uk/ShareChat.html?ShareTicker=SYN&thread=405F83D1-5330-407E-96B7-F9F22E2EE3CD,https://www.lse.co.uk/ShareChat.html?ShareTicker=SYN&thread=542158BC-2831-4043-90DD-911AAD0752A8,0,1.0,hamming<=6;jaccard>=0.82,conservative thresholds satisfied
MERGE_NEAR_DUP,https://www.lse.co.uk/ShareChat.html?ShareTicker=SYN&thread=405F83D1-5330-407E-96B7-F9F22E2EE3CD,https://www.lse.co.uk/ShareChat.html?ShareTicker=SYN&thread=DC62AF9A-800B-4D20-B735-BED7D98AC106,0,1.0,hamming<=6;jaccard>=0.82,conservative thresholds satisfied
MERGE_NEAR_DUP,https://www.lse.co.uk/ShareChat.html?ShareTicker=SYN&thread=405F83D1-5330-407E-96B7-F9F22E2EE3CD,https://www.lse.co.uk/ShareChat.html?ShareTicker=SYN&thread=D691E069-DB95-4A64-8C4A-0D47D3362F20,0,1.0,hamming<=6;jaccard>=0.82,conservative thresholds satisfied
MERGE_NEAR_DUP,https://www.lse.co.uk/ShareChat.html?ShareTicker=SYN&thread=405F83D1-5330-407E-96B7-F9F22E2EE3CD,https://www.lse.co.uk/ShareChat.html?ShareTicker=SYN&thread=7C0403D9-A368-4A92-B03B-50328C5E23AF,0,1.0,hamming<=6;jaccard>=0.82,conservative thresholds satisfied
MERGE_NEAR_DUP,https://www.lse.co.uk/ShareChat.html?ShareTicker=SYN&thread=405F83D1-5330-407E-96B7-F9F22E2EE3CD,https://www.lse.co.uk/ShareChat.asp?ShareTicker=SYN&thread=29D319F6-2559-4514-A6F4-898ADC9172D1,0,1.0,hamming<=6;jaccard>=0.82,conservative thresholds satisfied
MERGE_NEAR_DUP,https://www.lse.co.uk/ShareChat.html?ShareTicker=SYN&thread=405F83D1-5330-407E-96B7-F9F22E2EE3CD,https://www.lse.co.uk/ShareChat.html?ShareTicker=SYN&thread=27C5C7AB-9D1B-4CED-9335-E3449B867012,0,1.0,hamming<=6;jaccard>=0.82,conservative thresholds satisfied
MERGE_NEAR_DUP,https://www.lse.co.uk/ShareChat.html?ShareTicker=SYN&thread=405F83D1-5330-407E-96B7-F9F22E2EE3CD,https://www.lse.co.uk/ShareChat.html?ShareTicker=SYN&thread=654756FF-7D7D-4A54-9E1A-A306CB4A381C,0,1.0,hamming<=6;jaccard>=0.82,conservative thresholds satisfied
MERGE_NEAR_DUP,https://www.lse.co.uk/ShareChat.html?ShareTicker=SYN&thread=405F83D1-5330-407E-96B7-F9F22E2EE3CD,https://www.lse.co.uk/ShareChat.html?ShareTicker=SYN&thread=A116820B-33AF-46DC-8FCA-6634AA49BF5B,0,1.0,hamming<=6;jaccard>=0.82,conservative thresholds satisfied
MERGE_NEAR_DUP,https://www.lse.co.uk/ShareChat.html?ShareTicker=SYN&thread=405F83D1-5330-407E-96B7-F9F22E2EE3CD,https://www.lse.co.uk/ShareChat.html?ShareTicker=SYN&thread=F39998C0-2936-476D-9D17-71A4E00F3E44,0,1.0,hamming<=6;jaccard>=0.82,conservative thresholds satisfied
MERGE_NEAR_DUP,https://www.kentuckytoday.com/news/business/culture-biosciences-focuses-technology-and-service-platform-on-biologics/article_fcb1ef67-8946-58d0-880e-dca2726b3473.html,https://www.tmcnet.com/usubmit/2023/03/14/9776320.htm,0,1.0,hamming<=6;jaccard>=0.82,conservative thresholds satisfied
MERGE_NEAR_DUP,https://www.buffalo.edu/administrative-services/managing-procurement/commonly-purchased-goods/information-technology.html,https://www.buffalo.edu/administrative-services/managing-procurement/commonly-purchased-goods/information-technology.html,0,1.0,hamming<=6;jaccard>=0.82,conservative thresholds satisfied
MERGE_NEAR_DUP,https://www.buffalo.edu/administrative-services/managing-procurement/commonly-purchased-goods/information-technology.html,https://www.buffalo.edu/administrative-services/managing-procurement/commonly-purchased-goods/information-technology.html,0,1.0,hamming<=6;jaccard>=0.82,conservative thresholds satisfied
MERGE_NEAR_DUP,https://www.buffalo.edu/administrative-services/managing-procurement/commonly-purchased-goods/information-technology.html,https://www.buffalo.edu/administrative-services/managing-procurement/commonly-purchased-goods/information-technology.html,0,1.0,hamming<=6;jaccard>=0.82,conservative thresholds satisfied
MERGE_NEAR_DUP,https://www.buffalo.edu/administrative-services/managing-procurement/commonly-purchased-goods/information-technology.html,https://www.buffalo.edu/administrative-services/managing-procurement/commonly-purchased-goods/information-technology.html,0,1.0,hamming<=6;jaccard>=0.82,conservative thresholds satisfied
MERGE_NEAR_DUP,https://www.wsj.com/articles/u-s-looks-to-restrict-chinas-access-to-cloud-computing-to-protect-advanced-technology-f771613,https://www.wsj.com/articles/u-s-looks-to-restrict-chinas-access-to-cloud-computing-to-protect-advanced-technology-f771613,0,1.0,hamming<=6;jaccard>=0.82,conservative thresholds satisfied
MERGE_NEAR_DUP,https://indianexpress.com/article/technology/tech-news-technology/us-argues-google-wants-too-much-information-kept-secret-in-antitrust-trial-8946121/,https://indianexpress.com/article/technology/tech-news-technology/us-argues-google-wants-too-much-information-kept-secret-in-antitrust-trial-8946121/,0,1.0,hamming<=6;jaccard>=0.82,conservative thresholds satisfied
MERGE_NEAR_DUP,https://indianexpress.com/article/technology/tech-news-technology/us-argues-google-wants-too-much-information-kept-secret-in-antitrust-trial-8946121/,https://indianexpress.com/article/technology/tech-news-technology/us-argues-google-wants-too-much-information-kept-secret-in-antitrust-trial-8946121/,0,1.0,hamming<=6;jaccard>=0.82,conservative thresholds satisfied
REJECT_HAMMING,https://www.yahoo.com/now/worldwide-system-integrator-industrial-automation-113300681.html,https://www.thefastmode.com/technology-solutions/31590-ey-global-services-to-join-the-ibm-quantum-network,24,0.0,hamming<=6;jaccard>=0.82,SimHash distance above 6/64
MERGE_NEAR_DUP,https://www.joplinglobe.com/region/national_business/l-t-technology-services-and-qualcomm-selected-by-thales-for-enabling-5g-private-networks-in/article_a791d1aa-f05a-52e5-a912-01d31827740b.html,https://www.joplinglobe.com/region/national_business/l-t-technology-services-and-qualcomm-selected-by-thales-for-enabling-5g-private-networks-in/article_a791d1aa-f05a-52e5-a912-01d31827740b.html,0,1.0,hamming<=6;jaccard>=0.82,conservative thresholds satisfied
MERGE_NEAR_DUP,https://www.joplinglobe.com/region/national_business/l-t-technology-services-and-qualcomm-selected-by-thales-for-enabling-5g-private-networks-in/article_a791d1aa-f05a-52e5-a912-01d31827740b.html,https://www.joplinglobe.com/region/national_business/l-t-technology-services-and-qualcomm-selected-by-thales-for-enabling-5g-private-networks-in/article_a791d1aa-f05a-52e5-a912-01d31827740b.html,0,1.0,hamming<=6;jaccard>=0.82,conservative thresholds satisfied
MERGE_NEAR_DUP,https://markets.businessinsider.com/news/stocks/converge-technology-solutions-corp-announces-houlihan-lokey-capital-inc-and-canaccord-genuity-corp-as-co-financial-advisors-1031965173,https://markets.businessinsider.com/news/stocks/converge-technology-solutions-corp-announces-houlihan-lokey-capital-inc-and-canaccord-genuity-corp-as-co-financial-advisors-1031965173,0,1.0,hamming<=6;jaccard>=0.82,conservative thresholds satisfied
MERGE_NEAR_DUP,https://markets.businessinsider.com/news/stocks/converge-technology-solutions-corp-announces-houlihan-lokey-capital-inc-and-canaccord-genuity-corp-as-co-financial-advisors-1031965173,https://markets.businessinsider.com/news/stocks/converge-technology-solutions-corp-announces-houlihan-lokey-capital-inc-and-canaccord-genuity-corp-as-co-financial-advisors-1031965173,0,1.0,hamming<=6;jaccard>=0.82,conservative thresholds satisfied
MERGE_NEAR_DUP,https://www.businesswireindia.com/lt-technology-services-and-qualcomm-selected-by-thales-for-enabling-5g-private-networks-in-urban-railways-83167.html,https://www.businesswireindia.com/lt-technology-services-and-qualcomm-selected-by-thales-for-enabling-5g-private-networks-in-urban-railways-83167.html,0,1.0,hamming<=6;jaccard>=0.82,conservative thresholds satisfied
MERGE_NEAR_DUP,https://www.businesswireindia.com/lt-technology-services-and-qualcomm-selected-by-thales-for-enabling-5g-private-networks-in-urban-railways-83167.html,https://www.businesswireindia.com/lt-technology-services-and-qualcomm-selected-by-thales-for-enabling-5g-private-networks-in-urban-railways-83167.html,0,1.0,hamming<=6;jaccard>=0.82,conservative thresholds satisfied
MERGE_NEAR_DUP,https://www.businesswire.com/news/home/20230926616469/en/Start-Campus-Announces-Partnership-with-Colt-Technology-Services,https://www.businesswire.com/news/home/20230926616469/en/Start-Campus-Announces-Partnership-with-Colt-Technology-Services,0,1.0,hamming<=6;jaccard>=0.82,conservative thresholds satisfied
MERGE_NEAR_DUP,https://www.capella.edu/online-degrees/masters-information-technology/,https://www.capella.edu/online-degrees/masters-information-technology/,0,1.0,hamming<=6;jaccard>=0.82,conservative thresholds satisfied
MERGE_NEAR_DUP,https://www.capella.edu/online-degrees/masters-information-technology/,https://www.capella.edu/online-degrees/masters-information-technology/,0,1.0,hamming<=6;jaccard>=0.82,conservative thresholds satisfied
MERGE_NEAR_DUP,https://www.linkedin.com/pulse/industrial-services-market-size-information-technology,https://www.linkedin.com/pulse/industrial-services-market-size-information-technology,0,1.0,hamming<=6;jaccard>=0.82,conservative thresholds satisfied
MERGE_NEAR_DUP,https://www.waketech.edu/programs-courses/credit/credit-programs/human-services-technology/degrees-programs/a4538c,https://www.waketech.edu/programs-courses/credit/credit-programs/human-services-technology/degrees-programs/a4538c,0,1.0,hamming<=6;jaccard>=0.82,conservative thresholds satisfied
MERGE_NEAR_DUP,https://www.waketech.edu/programs-courses/credit/credit-programs/human-services-technology/degrees-programs/a4538c,https://www.waketech.edu/programs-courses/credit/credit-programs/human-services-technology/degrees-programs/a4538c,0,1.0,hamming<=6;jaccard>=0.82,conservative thresholds satisfied
MERGE_NEAR_DUP,https://www.waketech.edu/programs-courses/credit/credit-programs/human-services-technology/degrees-programs/a4538c,https://www.waketech.edu/programs-courses/credit/credit-programs/human-services-technology/degrees-programs/a4538c,0,1.0,hamming<=6;jaccard>=0.82,conservative thresholds satisfied
MERGE_NEAR_DUP,https://www.waketech.edu/programs-courses/credit/credit-programs/human-services-technology/degrees-programs/a4538c,https://www.waketech.edu/programs-courses/credit/credit-programs/human-services-technology/degrees-programs/a4538c,0,1.0,hamming<=6;jaccard>=0.82,conservative thresholds satisfied
MERGE_NEAR_DUP,https://www.lse.co.uk/ShareChat.html?ShareTicker=SYN&thread=D84615CC-0317-4A0A-BC2A-B52A1EA2ABC5,https://www.lse.co.uk/ShareChat.html?ShareTicker=SYN&thread=275160ED-66C6-4D80-BAF3-6042F5B8594E,0,1.0,hamming<=6;jaccard>=0.82,conservative thresholds satisfied
MERGE_NEAR_DUP,https://www.lse.co.uk/ShareChat.html?ShareTicker=SYN&thread=D84615CC-0317-4A0A-BC2A-B52A1EA2ABC5,https://www.lse.co.uk/ShareChat.html?ShareTicker=SYN&thread=17D3E033-007A-4FC2-94B6-3CDFCE3B8717,0,1.0,hamming<=6;jaccard>=0.82,conservative thresholds satisfied
MERGE_NEAR_DUP,https://www.lse.co.uk/ShareChat.html?ShareTicker=SYN&thread=D84615CC-0317-4A0A-BC2A-B52A1EA2ABC5,https://www.lse.co.uk/ShareChat.html?ShareTicker=SYN&thread=542158BC-2831-4043-90DD-911AAD0752A8,0,1.0,hamming<=6;jaccard>=0.82,conservative thresholds satisfied
MERGE_NEAR_DUP,https://www.lse.co.uk/ShareChat.html?ShareTicker=SYN&thread=D84615CC-0317-4A0A-BC2A-B52A1EA2ABC5,https://www.lse.co.uk/ShareChat.html?ShareTicker=SYN&thread=DC62AF9A-800B-4D20-B735-BED7D98AC106,0,1.0,hamming<=6;jaccard>=0.82,conservative thresholds satisfied
MERGE_NEAR_DUP,https://www.lse.co.uk/ShareChat.html?ShareTicker=SYN&thread=D84615CC-0317-4A0A-BC2A-B52A1EA2ABC5,https://www.lse.co.uk/ShareChat.html?ShareTicker=SYN&thread=D691E069-DB95-4A64-8C4A-0D47D3362F20,0,1.0,hamming<=6;jaccard>=0.82,conservative thresholds satisfied
MERGE_NEAR_DUP,https://www.lse.co.uk/ShareChat.html?ShareTicker=SYN&thread=D84615CC-0317-4A0A-BC2A-B52A1EA2ABC5,https://www.lse.co.uk/ShareChat.html?ShareTicker=SYN&thread=7C0403D9-A368-4A92-B03B-50328C5E23AF,0,1.0,hamming<=6;jaccard>=0.82,conservative thresholds satisfied
MERGE_NEAR_DUP,https://www.lse.co.uk/ShareChat.html?ShareTicker=SYN&thread=D84615CC-0317-4A0A-BC2A-B52A1EA2ABC5,https://www.lse.co.uk/ShareChat.asp?ShareTicker=SYN&thread=29D319F6-2559-4514-A6F4-898ADC9172D1,0,1.0,hamming<=6;jaccard>=0.82,conservative thresholds satisfied
MERGE_NEAR_DUP,https://www.lse.co.uk/ShareChat.html?ShareTicker=SYN&thread=D84615CC-0317-4A0A-BC2A-B52A1EA2ABC5,https://www.lse.co.uk/ShareChat.html?ShareTicker=SYN&thread=27C5C7AB-9D1B-4CED-9335-E3449B867012,0,1.0,hamming<=6;jaccard>=0.82,conservative thresholds satisfied
MERGE_NEAR_DUP,https://www.lse.co.uk/ShareChat.html?ShareTicker=SYN&thread=D84615CC-0317-4A0A-BC2A-B52A1EA2ABC5,https://www.lse.co.uk/ShareChat.html?ShareTicker=SYN&thread=654756FF-7D7D-4A54-9E1A-A306CB4A381C,0,1.0,hamming<=6;jaccard>=0.82,conservative thresholds satisfied
MERGE_NEAR_DUP,https://www.lse.co.uk/ShareChat.html?ShareTicker=SYN&thread=D84615CC-0317-4A0A-BC2A-B52A1EA2ABC5,https://www.lse.co.uk/ShareChat.html?ShareTicker=SYN&thread=A116820B-33AF-46DC-8FCA-6634AA49BF5B,0,1.0,hamming<=6;jaccard>=0.82,conservative thresholds satisfied
MERGE_NEAR_DUP,https://www.lse.co.uk/ShareChat.html?ShareTicker=SYN&thread=D84615CC-0317-4A0A-BC2A-B52A1EA2ABC5,https://www.lse.co.uk/ShareChat.html?ShareTicker=SYN&thread=F39998C0-2936-476D-9D17-71A4E00F3E44,0,1.0,hamming<=6;jaccard>=0.82,conservative thresholds satisfied
REJECT_HAMMING,https://www.staffordshire.gov.uk/Advice-support-and-care-for-adults/Information-for-providers/Market-Position-Statements/All-adults/Community-equipment-assistive-technology-and-adaptation-services.aspx,https://www.zdnet.com/video/cyrusher-ranger-e-bike-review-big-powerful-and-a-joy-to-ride/,25,0.0,hamming<=6;jaccard>=0.82,SimHash distance above 6/64
MERGE_NEAR_DUP,https://www.bizjournals.com/sanfrancisco/inno/stories/news/2023/10/27/logistics-startup-slync-christopher-kirchner.html,https://www.bizjournals.com/sanfrancisco/inno/stories/news/2023/10/30/logistics-startup-slync-christopher-kirchner.html,0,1.0,hamming<=6;jaccard>=0.82,conservative thresholds satisfied
MERGE_NEAR_DUP,https://www.openaccessgovernment.org/launch-of-new-sustainable-technology-products-and-services-agreement/168089/,https://www.openaccessgovernment.org/launch-of-new-sustainable-technology-products-and-services-agreement/168089/,0,1.0,hamming<=6;jaccard>=0.82,conservative thresholds satisfied
MERGE_NEAR_DUP,https://www.openaccessgovernment.org/launch-of-new-sustainable-technology-products-and-services-agreement/168089/,https://www.openaccessgovernment.org/launch-of-new-sustainable-technology-products-and-services-agreement/168089/,0,1.0,hamming<=6;jaccard>=0.82,conservative thresholds satisfied
MERGE_NEAR_DUP,https://www.hbs.edu/faculty/topics/Pages/technology-and-innovation.aspx,https://www.hbs.edu/faculty/topics/Pages/technology-and-innovation.aspx,0,1.0,hamming<=6;jaccard>=0.82,conservative thresholds satisfied
REJECT_HAMMING,https://www.hbs.edu/faculty/topics/Pages/technology-and-innovation.aspx,https://www.tmcnet.com/usubmit/-roccats-best-selling-award-winning-pc-gaming-keyboards-/2023/06/20/9835476.htm,24,0.0,hamming<=6;jaccard>=0.82,SimHash distance above 6/64
MERGE_NEAR_DUP,https://www.benzinga.com/pressreleases/22/12/b30134057/sensormatic-solutions-by-johnson-controls-shares-2022-u-s-super-saturday-shopper-traffic-insights,https://www.wsj.com/articles/sensormatic-solutions-by-johnson-controls-shares-2022-u-s-super-saturday-shopper-traffic-insights-01671478746,3,0.9667,hamming<=6;jaccard>=0.82,conservative thresholds satisfied
MERGE_NEAR_DUP,https://www.business-standard.com/company/lt-technology-44814.html,https://www.business-standard.com/company/lt-technology-44814.html,0,1.0,hamming<=6;jaccard>=0.82,conservative thresholds satisfied
MERGE_NEAR_DUP,https://www.business-standard.com/company/lt-technology-44814.html,https://www.business-standard.com/company/lt-technology-44814.html,0,1.0,hamming<=6;jaccard>=0.82,conservative thresholds satisfied
MERGE_NEAR_DUP,https://www.linkedin.com/pulse/impact-technology-medical-billing-services/,https://www.linkedin.com/pulse/impact-technology-medical-billing-services/,0,1.0,hamming<=6;jaccard>=0.82,conservative thresholds satisfied
MERGE_NEAR_DUP,https://timesofmalta.com/articles/view/technology-cornerstone-financial-services-reform-a2.1033875,https://timesofmalta.com/articles/view/technology-cornerstone-financial-services-reform-a2.1033875,0,1.0,hamming<=6;jaccard>=0.82,conservative thresholds satisfied
REJECT_HAMMING,https://timesofmalta.com/articles/view/technology-cornerstone-financial-services-reform-a2.1033875,https://finance.yahoo.com/news/life-science-health-wellness-technology-105300958.html,22,0.0,hamming<=6;jaccard>=0.82,SimHash distance above 6/64
MERGE_NEAR_DUP,https://timesofmalta.com/articles/view/technology-cornerstone-financial-services-reform-a2.1033875,https://timesofmalta.com/articles/view/technology-cornerstone-financial-services-reform-a2.1033875,0,1.0,hamming<=6;jaccard>=0.82,conservative thresholds satisfied
MERGE_NEAR_DUP,https://www.wsj.com/articles/tech-media-telecom-roundup-market-talk-c9ab226f,https://www.wsj.com/articles/tech-media-telecom-roundup-market-talk-4a158d75,0,1.0,hamming<=6;jaccard>=0.82,conservative thresholds satisfied
MERGE_NEAR_DUP,https://www.wsj.com/articles/tech-media-telecom-roundup-market-talk-c9ab226f,https://www.wsj.com/articles/tech-media-telecom-roundup-market-talk-442fa2ac,0,1.0,hamming<=6;jaccard>=0.82,conservative thresholds satisfied
MERGE_NEAR_DUP,https://www.wsj.com/articles/tech-media-telecom-roundup-market-talk-c9ab226f,https://www.wsj.com/finance/investing/tech-media-telecom-roundup-market-talk-c5901a2c,0,1.0,hamming<=6;jaccard>=0.82,conservative thresholds satisfied
MERGE_NEAR_DUP,https://www.wsj.com/articles/tech-media-telecom-roundup-market-talk-c9ab226f,https://www.wsj.com/articles/tech-media-telecom-roundup-market-talk-2544792f,0,1.0,hamming<=6;jaccard>=0.82,conservative thresholds satisfied
MERGE_NEAR_DUP,https://www.wsj.com/articles/tech-media-telecom-roundup-market-talk-c9ab226f,https://www.wsj.com/finance/investing/tech-media-telecom-roundup-market-talk-6d2fa57,0,1.0,hamming<=6;jaccard>=0.82,conservative thresholds satisfied
MERGE_NEAR_DUP,https://www.wsj.com/articles/tech-media-telecom-roundup-market-talk-c9ab226f,https://www.wsj.com/articles/tech-media-telecom-roundup-market-talk-93d3090,0,1.0,hamming<=6;jaccard>=0.82,conservative thresholds satisfied
MERGE_NEAR_DUP,https://www.wsj.com/articles/tech-media-telecom-roundup-market-talk-c9ab226f,https://www.wsj.com/articles/tech-media-telecom-roundup-market-talk-2b75b99a,0,1.0,hamming<=6;jaccard>=0.82,conservative thresholds satisfied
MERGE_NEAR_DUP,https://leadership.ng/behold-a-national-centre-to-share-data-and-services-for-nigerias-digital-economy/,https://leadership.ng/behold-a-national-centre-to-share-data-and-services-for-nigerias-digital-economy/,0,1.0,hamming<=6;jaccard>=0.82,conservative thresholds satisfied
MERGE_NEAR_DUP,https://leadership.ng/behold-a-national-centre-to-share-data-and-services-for-nigerias-digital-economy/,https://leadership.ng/behold-a-national-centre-to-share-data-and-services-for-nigerias-digital-economy/,0,1.0,hamming<=6;jaccard>=0.82,conservative thresholds satisfied
MERGE_NEAR_DUP,https://finance.yahoo.com/news/l-t-technology-services-selected-115700946.html,https://finance.yahoo.com/news/l-t-technology-services-selected-115700946.html,0,1.0,hamming<=6;jaccard>=0.82,conservative thresholds satisfied
MERGE_NEAR_DUP,https://uwaterloo.ca/information-systems-technology/,https://uwaterloo.ca/information-systems-technology/,0,1.0,hamming<=6;jaccard>=0.82,conservative thresholds satisfied
MERGE_NEAR_DUP,https://uwaterloo.ca/information-systems-technology/,https://uwaterloo.ca/information-systems-technology/,0,1.0,hamming<=6;jaccard>=0.82,conservative thresholds satisfied
MERGE_NEAR_DUP,https://finance.yahoo.com/news/conduent-features-global-medical-information-124500226.html,https://finance.yahoo.com/news/conduent-features-global-medical-information-124500226.html,0,1.0,hamming<=6;jaccard>=0.82,conservative thresholds satisfied
MERGE_NEAR_DUP,https://finance.yahoo.com/news/conduent-features-global-medical-information-124500226.html,https://finance.yahoo.com/news/conduent-features-global-medical-information-124500226.html,0,1.0,hamming<=6;jaccard>=0.82,conservative thresholds satisfied
MERGE_NEAR_DUP,https://www.hawaiibusiness.com/industry-outlook-information-technology/,https://www.hawaiibusiness.com/industry-outlook-information-technology/,0,1.0,hamming<=6;jaccard>=0.82,conservative thresholds satisfied
MERGE_NEAR_DUP,https://www.hawaiibusiness.com/industry-outlook-information-technology/,https://www.hawaiibusiness.com/industry-outlook-information-technology/,0,1.0,hamming<=6;jaccard>=0.82,conservative thresholds satisfied
REJECT_HAMMING,https://technews.tmcnet.com/news/2023/07/10/9845172.htm,https://www.fox6now.com/news/contact-6-helps-consumers-april-2023,19,0.0,hamming<=6;jaccard>=0.82,SimHash distance above 6/64
MERGE_NEAR_DUP,https://finance.yahoo.com/news/3-stocks-watch-promising-technology-171500999.html,https://finance.yahoo.com/news/3-stocks-watch-promising-technology-171500999.html,0,1.0,hamming<=6;jaccard>=0.82,conservative thresholds satisfied
REJECT_HAMMING,https://finance.yahoo.com/news/3-stocks-watch-promising-technology-171500999.html,https://www.engineeringnews.co.za/article/university-of-pretoria-faculty-of-engineering-built-environment-and-information-technology-where-smart-cities-disruptive-engineering-and-machine-learning-meet-2023-02-23,25,0.0,hamming<=6;jaccard>=0.82,SimHash distance above 6/64
MERGE_NEAR_DUP,https://finance.yahoo.com/news/3-stocks-watch-promising-technology-171500999.html,https://finance.yahoo.com/news/3-stocks-watch-promising-technology-171500999.html,0,1.0,hamming<=6;jaccard>=0.82,conservative thresholds satisfied
MERGE_NEAR_DUP,https://www.barrons.com/market-data/stocks/688479/financials?countrycode=cn&mod=quotes,https://www.barrons.com/market-data/stocks/iii/research-ratings?mod=searchresults_companyquotes&mod=md_home_hdr_search,0,1.0,hamming<=6;jaccard>=0.82,conservative thresholds satisfied
MERGE_NEAR_DUP,https://www.law.com/corpcounsel/2023/02/15/law-lags-technology-as-delivery-drone-services-take-flight/,https://www.law.com/corpcounsel/2023/02/15/law-lags-technology-as-delivery-drone-services-take-flight/,0,1.0,hamming<=6;jaccard>=0.82,conservative thresholds satisfied
MERGE_NEAR_DUP,https://www.law.com/corpcounsel/2023/02/15/law-lags-technology-as-delivery-drone-services-take-flight/,https://www.law.com/corpcounsel/2023/02/15/law-lags-technology-as-delivery-drone-services-take-flight/,0,1.0,hamming<=6;jaccard>=0.82,conservative thresholds satisfied
REJECT_HAMMING,https://www.reuters.com/technology/apple-profit-tops-wall-street-targets-strong-services-counter-weaker-iphone-2023-08-03/,https://energycentral.com/c/cc/make-it-easy-streamlining-your-way-customer-service-success,24,0.0,hamming<=6;jaccard>=0.82,SimHash distance above 6/64
MERGE_NEAR_DUP,https://drexel.edu/cci/academics/masters-programs/ms-business-information-technology/careers/,https://drexel.edu/cci/academics/masters-programs/ms-business-information-technology/careers/,0,1.0,hamming<=6;jaccard>=0.82,conservative thresholds satisfied
MERGE_NEAR_DUP,https://seekingalpha.com/news/3996877-information-services-corporation-non-gaap-eps-of-c051-revenue-of-c533m,https://seekingalpha.com/news/3996877-information-services-corporation-non-gaap-eps-of-c051-revenue-of-c533m,0,1.0,hamming<=6;jaccard>=0.82,conservative thresholds satisfied
MERGE_NEAR_DUP,https://seekingalpha.com/news/3996877-information-services-corporation-non-gaap-eps-of-c051-revenue-of-c533m,https://seekingalpha.com/news/3949929-givex-information-technology-group-reports-q4-results,0,1.0,hamming<=6;jaccard>=0.82,conservative thresholds satisfied
MERGE_NEAR_DUP,https://seekingalpha.com/news/3996877-information-services-corporation-non-gaap-eps-of-c051-revenue-of-c533m,https://seekingalpha.com/news/3989409-fidelity-national-information-services-inc-declares-0_52-dividend,0,1.0,hamming<=6;jaccard>=0.82,conservative thresholds satisfied
MERGE_NEAR_DUP,https://seekingalpha.com/news/3996877-information-services-corporation-non-gaap-eps-of-c051-revenue-of-c533m,https://seekingalpha.com/news/3989409-fidelity-national-information-services-inc-declares-0_52-dividend,0,1.0,hamming<=6;jaccard>=0.82,conservative thresholds satisfied
MERGE_NEAR_DUP,https://www.ap.org/press-releases/2023/ap-open-ai-agree-to-share-select-news-content-and-technology-in-new-collaboration,https://www.ap.org/press-releases/2023/ap-open-ai-agree-to-share-select-news-content-and-technology-in-new-collaboration,0,1.0,hamming<=6;jaccard>=0.82,conservative thresholds satisfied
REJECT_HAMMING,https://news.yahoo.com/ccac-offering-free-computer-information-001308039.html,https://www.insidermonkey.com/blog/fidelity-national-information-services-fis-stock-declined-in-q4-on-financial-guidance-1120152/,22,0.0,hamming<=6;jaccard>=0.82,SimHash distance above 6/64
REJECT_HAMMING,https://news.yahoo.com/ccac-offering-free-computer-information-001308039.html,https://www.insidermonkey.com/blog/fidelity-national-information-services-fis-stock-declined-in-q4-on-financial-guidance-1120152/,22,0.0,hamming<=6;jaccard>=0.82,SimHash distance above 6/64
MERGE_NEAR_DUP,https://www.theguardian.com/world/2023/aug/25/how-the-eu-digital-services-act-affects-facebook-google-and-others,https://www.theguardian.com/world/2023/aug/25/how-the-eu-digital-services-act-affects-facebook-google-and-others,0,1.0,hamming<=6;jaccard>=0.82,conservative thresholds satisfied
MERGE_NEAR_DUP,https://www.monitor.co.ug/uganda/oped/letters/technology-and-social-justice-the-chasm-in-between-4110082,https://www.monitor.co.ug/uganda/oped/letters/technology-and-social-justice-the-chasm-in-between-4110082,0,1.0,hamming<=6;jaccard>=0.82,conservative thresholds satisfied
MERGE_NEAR_DUP,https://www.monitor.co.ug/uganda/oped/letters/technology-and-social-justice-the-chasm-in-between-4110082,https://www.monitor.co.ug/uganda/oped/letters/technology-and-social-justice-the-chasm-in-between-4110082,0,1.0,hamming<=6;jaccard>=0.82,conservative thresholds satisfied
MERGE_NEAR_DUP,https://www.computerweekly.com/feature/Is-composable-business-the-most-essential-technology-trend-to-meet-the-challenges-of-2023-and-beyond,https://www.computerweekly.com/feature/Is-composable-business-the-most-essential-technology-trend-to-meet-the-challenges-of-2023-and-beyond,0,1.0,hamming<=6;jaccard>=0.82,conservative thresholds satisfied
MERGE_NEAR_DUP,https://diginomica.com/role-cios-data-and-technology-delivering-sustainability-organizations,https://diginomica.com/role-cios-data-and-technology-delivering-sustainability-organizations,0,1.0,hamming<=6;jaccard>=0.82,conservative thresholds satisfied
MERGE_NEAR_DUP,https://www.middlebury.edu/institute/offices-services/information-technology-services,https://www.middlebury.edu/institute/offices-services/information-technology-services,0,1.0,hamming<=6;jaccard>=0.82,conservative thresholds satisfied
MERGE_NEAR_DUP,https://finance.yahoo.com/news/general-motors-close-information-technology-184056593.html,https://finance.yahoo.com/news/general-motors-close-information-technology-184056593.html,0,1.0,hamming<=6;jaccard>=0.82,conservative thresholds satisfied
MERGE_NEAR_DUP,https://www.investopedia.com/articles/markets/030816/worlds-top-10-technology-companies-aapl-googl.asp,https://www.investopedia.com/articles/markets/030816/worlds-top-10-technology-companies-aapl-googl.asp,0,1.0,hamming<=6;jaccard>=0.82,conservative thresholds satisfied
MERGE_NEAR_DUP,https://www.investopedia.com/articles/markets/030816/worlds-top-10-technology-companies-aapl-googl.asp,https://www.investopedia.com/articles/markets/030816/worlds-top-10-technology-companies-aapl-googl.asp,0,1.0,hamming<=6;jaccard>=0.82,conservative thresholds satisfied
MERGE_NEAR_DUP,https://www.businesswire.com/news/home/20230921863051/en/New-IDC-Industry-Taxonomy-Reveals-That-Software-and-Information-Services-Capital-Markets-and-Life-Sciences-Will-Lead-Worldwide-ICT-Spending-Growth-Through-2027/,https://www.businesswire.com/news/home/20230921863051/en/New-IDC-Industry-Taxonomy-Reveals-That-Software-and-Information-Services-Capital-Markets-and-Life-Sciences-Will-Lead-Worldwide-ICT-Spending-Growth-Through-2027/,0,1.0,hamming<=6;jaccard>=0.82,conservative thresholds satisfied
MERGE_NEAR_DUP,https://www.businesswire.com/news/home/20230921863051/en/New-IDC-Industry-Taxonomy-Reveals-That-Software-and-Information-Services-Capital-Markets-and-Life-Sciences-Will-Lead-Worldwide-ICT-Spending-Growth-Through-2027/,https://www.businesswire.com/news/home/20230921863051/en/New-IDC-Industry-Taxonomy-Reveals-That-Software-and-Information-Services-Capital-Markets-and-Life-Sciences-Will-Lead-Worldwide-ICT-Spending-Growth-Through-2027/,0,1.0,hamming<=6;jaccard>=0.82,conservative thresholds satisfied
MERGE_NEAR_DUP,https://www.vanguardngr.com/2023/07/nigeria-to-become-global-outsourcing-hub-for-information-technology-services-ngige/,https://www.vanguardngr.com/2023/07/nigeria-to-become-global-outsourcing-hub-for-information-technology-services-ngige/,0,1.0,hamming<=6;jaccard>=0.82,conservative thresholds satisfied
MERGE_NEAR_DUP,https://www.vanguardngr.com/2023/07/nigeria-to-become-global-outsourcing-hub-for-information-technology-services-ngige/,https://www.vanguardngr.com/2023/07/nigeria-to-become-global-outsourcing-hub-for-information-technology-services-ngige/,0,1.0,hamming<=6;jaccard>=0.82,conservative thresholds satisfied
REJECT_HAMMING,https://www.yahoo.com/now/experts-continues-expand-york-latest-160700718.html,https://www.wsj.com/articles/tech-media-telecom-roundup-market-talk-128a5325,22,0.0,hamming<=6;jaccard>=0.82,SimHash distance above 6/64
REJECT_HAMMING,https://www.theverge.com/2023/1/27/23573963/google-information-customer-transparency-eu-consumer-protection-rules,https://www.automation.com/en-us/articles/october-2023/thyssenkrupp-samotics-sustainability-steel,27,0.0,hamming<=6;jaccard>=0.82,SimHash distance above 6/64
REJECT_HAMMING,https://www.forbes.com/sites/jeffthomson/2023/05/05/focusing-on-growth-synergy-sustainability-and-customer-loyalty-in-foodservice/,https://www.ou.edu/admissions/academics/find-your-major,24,0.0,hamming<=6;jaccard>=0.82,SimHash distance above 6/64
REJECT_HAMMING,https://www.forbes.com/sites/jeffthomson/2023/05/05/focusing-on-growth-synergy-sustainability-and-customer-loyalty-in-foodservice/,https://www.ou.edu/admissions/academics/find-your-major,24,0.0,hamming<=6;jaccard>=0.82,SimHash distance above 6/64
MERGE_NEAR_DUP,https://www.cnet.com/tech/cnets-editors-choice-awards-the-best-products-and-services-for-2023/,https://www.cnet.com/tech/cnets-editors-choice-awards-the-best-products-and-services-for-2023/,0,1.0,hamming<=6;jaccard>=0.82,conservative thresholds satisfied
MERGE_NEAR_DUP,https://www.cnet.com/tech/cnets-editors-choice-awards-the-best-products-and-services-for-2023/,https://www.cnet.com/tech/cnets-editors-choice-awards-the-best-products-and-services-for-2023/,0,1.0,hamming<=6;jaccard>=0.82,conservative thresholds satisfied
MERGE_NEAR_DUP,https://www.rit.edu/computing/phd-computing-and-information-sciences,https://www.rit.edu/computing/phd-computing-and-information-sciences,0,1.0,hamming<=6;jaccard>=0.82,conservative thresholds satisfied
MERGE_NEAR_DUP,https://finance.yahoo.com/news/12-best-information-technology-services-134510190.html,https://www.insidermonkey.com/blog/12-best-information-technology-services-stocks-to-buy-1145218/,0,1.0,hamming<=6;jaccard>=0.82,conservative thresholds satisfied
MERGE_NEAR_DUP,https://finance.yahoo.com/news/12-best-information-technology-services-134510190.html,https://finance.yahoo.com/news/12-best-information-technology-services-134510190.html,0,1.0,hamming<=6;jaccard>=0.82,conservative thresholds satisfied
MERGE_NEAR_DUP,https://finance.yahoo.com/news/12-best-information-technology-services-134510190.html,https://www.insidermonkey.com/blog/12-best-information-technology-services-stocks-to-buy-1145218/,0,1.0,hamming<=6;jaccard>=0.82,conservative thresholds satisfied
MERGE_NEAR_DUP,https://finance.yahoo.com/news/12-best-information-technology-services-134510190.html,https://finance.yahoo.com/news/12-best-information-technology-services-134510190.html,0,1.0,hamming<=6;jaccard>=0.82,conservative thresholds satisfied
MERGE_NEAR_DUP,https://www.nextgov.com/policy/2023/01/us-and-uk-hold-first-comprehensive-dialogue-technology-and-data/381777/,https://www.nextgov.com/policy/2023/01/us-and-uk-hold-first-comprehensive-dialogue-technology-and-data/381777/,0,1.0,hamming<=6;jaccard>=0.82,conservative thresholds satisfied
MERGE_NEAR_DUP,https://www.nextgov.com/policy/2023/01/us-and-uk-hold-first-comprehensive-dialogue-technology-and-data/381777/,https://www.nextgov.com/policy/2023/01/us-and-uk-hold-first-comprehensive-dialogue-technology-and-data/381777/,0,1.0,hamming<=6;jaccard>=0.82,conservative thresholds satisfied
MERGE_NEAR_DUP,https://finance.yahoo.com/news/fidelity-national-information-services-fis-122512628.html,https://finance.yahoo.com/news/fidelity-national-information-services-fis-122512628.html,0,1.0,hamming<=6;jaccard>=0.82,conservative thresholds satisfied
MERGE_NEAR_DUP,https://finance.yahoo.com/news/fidelity-national-information-services-fis-122512628.html,https://finance.yahoo.com/news/fidelity-national-information-services-fis-122512628.html,0,1.0,hamming<=6;jaccard>=0.82,conservative thresholds satisfied
REJECT_HAMMING,https://www.yahoo.com/now/opsys-tech-display-lidar-integrated-050100635.html,https://www.crn.com/news/software/the-coolest-big-data-system-and-cloud-platform-companies-of-the-2023-big-data-100,23,0.0,hamming<=6;jaccard>=0.82,SimHash distance above 6/64
REJECT_HAMMING,https://www.law.com/2023/05/25/why-law-firms-should-be-using-siem-logs-to-manage-data-security-threats/,https://www.marketwatch.com/press-release/talent-acquisition-and-staffing-technology-and-services-market-facts-and-figures-by-2031-2023-04-08,21,0.0,hamming<=6;jaccard>=0.82,SimHash distance above 6/64
REJECT_HAMMING,https://www.newsobserver.com/press-releases/article275837111.html,https://www.ou.edu/adrc/resources/policies/eit-policy,26,0.0,hamming<=6;jaccard>=0.82,SimHash distance above 6/64
REJECT_HAMMING,https://www.newsobserver.com/press-releases/article275837111.html,https://www.ou.edu/adrc/resources/policies/eit-policy,26,0.0,hamming<=6;jaccard>=0.82,SimHash distance above 6/64
MERGE_NEAR_DUP,https://www.benzinga.com/sector/information-technology-0,https://www.benzinga.com/sector/information-technology-0,0,1.0,hamming<=6;jaccard>=0.82,conservative thresholds satisfied
MERGE_NEAR_DUP,https://www.nasdaq.com/articles/barrington-research-reiterates-information-services-group-iii-outperform-recommendation,https://www.nasdaq.com/articles/barrington-research-reiterates-information-services-group-iii-outperform-recommendation,0,1.0,hamming<=6;jaccard>=0.82,conservative thresholds satisfied
MERGE_NEAR_DUP,https://www.thetechedvocate.org/what-is-information-technology-definition-and-examples/,https://www.thetechedvocate.org/what-is-information-technology-definition-and-examples/,0,1.0,hamming<=6;jaccard>=0.82,conservative thresholds satisfied
MERGE_NEAR_DUP,https://www.linkedin.com/pulse/information-communication-technologyict-shriram-k,https://www.linkedin.com/pulse/information-communication-technologyict-shriram-k,0,1.0,hamming<=6;jaccard>=0.82,conservative thresholds satisfied
MERGE_NEAR_DUP,https://www.linkedin.com/pulse/information-communication-technologyict-shriram-k,https://www.linkedin.com/pulse/information-communication-technologyict-shriram-k,0,1.0,hamming<=6;jaccard>=0.82,conservative thresholds satisfied
REJECT_HAMMING,https://www.nasdaq.com/articles/evernorth-health-services-buys-bright.md-technology-platform,https://www.bizjournals.com/seattle/news/2023/04/19/tyemill-acquired-syntax-seattle-new-york.html,20,0.0,hamming<=6;jaccard>=0.82,SimHash distance above 6/64
MERGE_NEAR_DUP,https://www.nasdaq.com/articles/evernorth-health-services-buys-bright.md-technology-platform,https://www.nasdaq.com/articles/evernorth-health-services-buys-bright.md-technology-platform,0,1.0,hamming<=6;jaccard>=0.82,conservative thresholds satisfied
MERGE_NEAR_DUP,https://www.nasdaq.com/articles/evernorth-health-services-buys-bright.md-technology-platform,https://www.nasdaq.com/articles/evernorth-health-services-buys-bright.md-technology-platform,0,1.0,hamming<=6;jaccard>=0.82,conservative thresholds satisfied
MERGE_NEAR_DUP,https://www.electronicsweekly.com/news/business/information-technology/,https://www.electronicsweekly.com/news/business/information-technology/,0,1.0,hamming<=6;jaccard>=0.82,conservative thresholds satisfied
MERGE_NEAR_DUP,https://www.electronicsweekly.com/news/business/information-technology/,https://www.electronicsweekly.com/news/business/information-technology/,0,1.0,hamming<=6;jaccard>=0.82,conservative thresholds satisfied
MERGE_NEAR_DUP,https://www.forbesindia.com/blog/technology/future-of-sustainable-manufacturing-is-technology-driven/,https://www.forbesindia.com/blog/technology/future-of-sustainable-manufacturing-is-technology-driven/,0,1.0,hamming<=6;jaccard>=0.82,conservative thresholds satisfied
MERGE_NEAR_DUP,https://www.forbesindia.com/blog/technology/future-of-sustainable-manufacturing-is-technology-driven/,https://www.forbesindia.com/blog/technology/future-of-sustainable-manufacturing-is-technology-driven/,0,1.0,hamming<=6;jaccard>=0.82,conservative thresholds satisfied
MERGE_NEAR_DUP,https://www.zawya.com/en/press-release/events-and-conferences/leap23-announces-investments-of-more-than-9bln-to-support-future-technology-and-startups-byz8mrbi,https://www.zawya.com/en/press-release/events-and-conferences/leap23-announces-investments-of-more-than-9bln-to-support-future-technology-and-startups-byz8mrbi,0,1.0,hamming<=6;jaccard>=0.82,conservative thresholds satisfied
MERGE_NEAR_DUP,https://www.healthaffairs.org/content/forefront/addressing-value-defects-wasteful-services-through-health-technology-assessment,https://www.healthaffairs.org/content/forefront/addressing-value-defects-wasteful-services-through-health-technology-assessment,0,1.0,hamming<=6;jaccard>=0.82,conservative thresholds satisfied
MERGE_NEAR_DUP,https://www.stuttgartdailyleader.com/school-board-decides-to-outsource-technology-services/,https://www.stuttgartdailyleader.com/school-board-decides-to-outsource-technology-services/,0,1.0,hamming<=6;jaccard>=0.82,conservative thresholds satisfied
MERGE_NEAR_DUP,https://www.scoop.co.nz/stories/BU2302/S00020/truescope-acquires-us-firm-universal-information-services.htm,https://www.scoop.co.nz/stories/BU2302/S00020/truescope-acquires-us-firm-universal-information-services.htm,0,1.0,hamming<=6;jaccard>=0.82,conservative thresholds satisfied
REJECT_HAMMING,https://www.usm.edu/procurement-contract-services/vehicle-rental-information.php,https://timesofindia.indiatimes.com/blogs/voices/top-in-demand-information-technology-jobs-during-hiring-freezes/,26,0.0,hamming<=6;jaccard>=0.82,SimHash distance above 6/64
REJECT_HAMMING,https://www.usm.edu/procurement-contract-services/vehicle-rental-information.php,https://timesofindia.indiatimes.com/blogs/voices/top-in-demand-information-technology-jobs-during-hiring-freezes/,26,0.0,hamming<=6;jaccard>=0.82,SimHash distance above 6/64
REJECT_HAMMING,https://www.destinationcrm.com/ReportsandResearch/13045-The-promise-(and-pitfalls)-of-self-service-automation-in-customer-service.htm,https://www.bizjournals.com/columbus/inno/stories/news/2023/08/28/strategic-systems-acquires-elearningdoc.html,23,0.0,hamming<=6;jaccard>=0.82,SimHash distance above 6/64
MERGE_NEAR_DUP,https://www.medpagetoday.com/practicemanagement/informationtechnology,https://www.medpagetoday.com/practicemanagement/informationtechnology,0,1.0,hamming<=6;jaccard>=0.82,conservative thresholds satisfied
MERGE_NEAR_DUP,https://www.medpagetoday.com/practicemanagement/informationtechnology,https://www.medpagetoday.com/practicemanagement/informationtechnology,0,1.0,hamming<=6;jaccard>=0.82,conservative thresholds satisfied
MERGE_NEAR_DUP,https://finance.yahoo.com/news/global-bioremediation-technology-services-market-023000444.html,https://finance.yahoo.com/news/global-bioremediation-technology-services-market-023000444.html,0,1.0,hamming<=6;jaccard>=0.82,conservative thresholds satisfied
MERGE_NEAR_DUP,https://finance.yahoo.com/news/global-bioremediation-technology-services-market-023000444.html,https://finance.yahoo.com/news/global-bioremediation-technology-services-market-023000444.html,0,1.0,hamming<=6;jaccard>=0.82,conservative thresholds satisfied
MERGE_NEAR_DUP,https://www.insidermonkey.com/blog/should-you-sell-fidelity-national-information-services-fis-now-1121090/,https://www.insidermonkey.com/blog/should-you-sell-fidelity-national-information-services-fis-now-1121090/,0,1.0,hamming<=6;jaccard>=0.82,conservative thresholds satisfied
MERGE_NEAR_DUP,https://www.insidermonkey.com/blog/should-you-sell-fidelity-national-information-services-fis-now-1121090/,https://www.insidermonkey.com/blog/should-you-sell-fidelity-national-information-services-fis-now-1121090/,0,1.0,hamming<=6;jaccard>=0.82,conservative thresholds satisfied
MERGE_NEAR_DUP,https://dallasinnovates.com/primoris-services-appoints-new-chief-information-officer/,https://dallasinnovates.com/primoris-services-appoints-new-chief-information-officer/,0,1.0,hamming<=6;jaccard>=0.82,conservative thresholds satisfied
REJECT_HAMMING,https://dallasinnovates.com/primoris-services-appoints-new-chief-information-officer/,https://www.stockport.gov.uk/freedom-of-information,24,0.0,hamming<=6;jaccard>=0.82,SimHash distance above 6/64
MERGE_NEAR_DUP,https://dallasinnovates.com/primoris-services-appoints-new-chief-information-officer/,https://dallasinnovates.com/primoris-services-appoints-new-chief-information-officer/,0,1.0,hamming<=6;jaccard>=0.82,conservative thresholds satisfied
REJECT_HAMMING,https://marketingsentinel.com/2023/07/01/how-much-is-sysco-corporation-nyse-syy-worth-and-how-can-it-be-managed/,https://www.seattletimes.com/business/microsoft/microsofts-revenue-and-profit-drop-but-cloud-computing-holds/,26,0.0,hamming<=6;jaccard>=0.82,SimHash distance above 6/64
MERGE_NEAR_DUP,https://www.nasdaq.com/articles/friday-sector-laggards:-services-technology-communications-0,https://www.nasdaq.com/articles/friday-sector-laggards:-services-technology-communications-0,0,1.0,hamming<=6;jaccard>=0.82,conservative thresholds satisfied
MERGE_NEAR_DUP,https://www.nasdaq.com/articles/friday-sector-laggards:-services-technology-communications-0,https://www.nasdaq.com/articles/friday-sector-laggards:-services-technology-communications-0,0,1.0,hamming<=6;jaccard>=0.82,conservative thresholds satisfied
MERGE_NEAR_DUP,https://cloudsecurityalliance.org/blog/2023/06/16/csa-s-enterprise-architecture-technology-solution-services-tss/,https://cloudsecurityalliance.org/blog/2023/06/16/csa-s-enterprise-architecture-technology-solution-services-tss/,0,1.0,hamming<=6;jaccard>=0.82,conservative thresholds satisfied
MERGE_NEAR_DUP,https://cloudsecurityalliance.org/blog/2023/06/16/csa-s-enterprise-architecture-technology-solution-services-tss/,https://cloudsecurityalliance.org/blog/2023/06/16/csa-s-enterprise-architecture-technology-solution-services-tss/,0,1.0,hamming<=6;jaccard>=0.82,conservative thresholds satisfied
MERGE_NEAR_DUP,https://www.gov.uk/government/publications/ssac-foi-releases-2023/to-provide-information-about-cloud-services-and-infrastructure-ssac-foi-response,https://www.gov.uk/guidance/connect-to-a-supported-accommodation-service-sc2,0,1.0,hamming<=6;jaccard>=0.82,conservative thresholds satisfied
MERGE_NEAR_DUP,https://www.gov.uk/government/publications/ssac-foi-releases-2023/to-provide-information-about-cloud-services-and-infrastructure-ssac-foi-response,https://www.gov.uk/guidance/connect-to-a-supported-accommodation-service-sc2,0,1.0,hamming<=6;jaccard>=0.82,conservative thresholds satisfied
REJECT_HAMMING,https://www.tmcnet.com/usubmit/2023/10/03/9891162.htm,https://www.mariettatimes.com/opinion/editorials/2023/05/it-is-time-to-plan-ahead-for-tech-development/,24,0.0,hamming<=6;jaccard>=0.82,SimHash distance above 6/64
MERGE_NEAR_DUP,https://indianexpress.com/article/technology/tech-news-technology/what-is-digital-services-act-eu-8910781/,https://indianexpress.com/article/technology/tech-news-technology/what-is-digital-services-act-eu-8910781/,0,1.0,hamming<=6;jaccard>=0.82,conservative thresholds satisfied
MERGE_NEAR_DUP,https://indianexpress.com/article/technology/tech-news-technology/what-is-digital-services-act-eu-8910781/,https://indianexpress.com/article/technology/tech-news-technology/what-is-digital-services-act-eu-8910781/,0,1.0,hamming<=6;jaccard>=0.82,conservative thresholds satisfied
MERGE_NEAR_DUP,https://www.nasdaq.com/articles/3-stocks-to-watch-from-a-promising-technology-services-industry,https://www.nasdaq.com/articles/3-stocks-to-watch-from-a-promising-technology-services-industry,0,1.0,hamming<=6;jaccard>=0.82,conservative thresholds satisfied
MERGE_NEAR_DUP,https://www.nasdaq.com/articles/3-stocks-to-watch-from-a-promising-technology-services-industry,https://www.nasdaq.com/articles/3-stocks-to-watch-from-a-promising-technology-services-industry,0,1.0,hamming<=6;jaccard>=0.82,conservative thresholds satisfied
REJECT_HAMMING,https://www.nasdaq.com/articles/3-stocks-to-watch-from-a-promising-technology-services-industry,https://www.msn.com/en-gb/money/other/classy-five-word-response-from-pub-to-customer-s-complaint-after-waiting-15-minutes-for-carvery/ar-AA15RwXx,21,0.0,hamming<=6;jaccard>=0.82,SimHash distance above 6/64
REJECT_HAMMING,https://www.therepublic.com/2023/10/08/ivy-tech-seymour-partner-on-high-school-career-events/,https://www.barrons.com/articles/athersys-expands-ip-protection-with-first-new-patent-for-sifu-r-technology-c0ddf1d0,28,0.0,hamming<=6;jaccard>=0.82,SimHash distance above 6/64
MERGE_NEAR_DUP,https://archive.org/details/31761119696524,https://archive.org/details/isbn_9780521855495,0,1.0,hamming<=6;jaccard>=0.82,conservative thresholds satisfied
MERGE_NEAR_DUP,https://archive.org/details/31761119696524,https://archive.org/details/isbn_9781402041457,0,1.0,hamming<=6;jaccard>=0.82,conservative thresholds satisfied
MERGE_NEAR_DUP,https://archive.org/details/31761119696524,https://archive.org/details/isbn_0964838214,0,1.0,hamming<=6;jaccard>=0.82,conservative thresholds satisfied
MERGE_NEAR_DUP,https://archive.org/details/31761119696524,https://archive.org/details/31761119696524,0,1.0,hamming<=6;jaccard>=0.82,conservative thresholds satisfied
REJECT_HAMMING,https://appleinsider.com/articles/23/04/17/apple-has-been-racketeering-to-protect-its-stolen-services-technology-inventor-accuses,https://www.eschoolnews.com/digital-learning/2023/09/27/leverage-technology-k-12-education/,26,0.0,hamming<=6;jaccard>=0.82,SimHash distance above 6/64
MERGE_NEAR_DUP,https://www.law.com/newyorklawjournal/2023/02/03/like-anything-else-in-the-law-technology-requires-balancing-risks-and-rewards/,https://www.law.com/newyorklawjournal/2023/02/03/like-anything-else-in-the-law-technology-requires-balancing-risks-and-rewards/,0,1.0,hamming<=6;jaccard>=0.82,conservative thresholds satisfied
MERGE_NEAR_DUP,https://www.ala.org/core/library-technology-services-organization-management-and-assessment,https://www.ala.org/core/library-technology-services-organization-management-and-assessment,0,1.0,hamming<=6;jaccard>=0.82,conservative thresholds satisfied
MERGE_NEAR_DUP,https://www.sussex.ac.uk/study/masters/courses/management-of-information-technology-msc/2023,https://www.sussex.ac.uk/study/masters/courses/management-of-information-technology-msc,0,1.0,hamming<=6;jaccard>=0.82,conservative thresholds satisfied
MERGE_NEAR_DUP,https://pressofatlanticcity.com/opinion/columnists/inevitable-blessings-and-curses-of-technology-call-for-balance-by-dave-anderson/article_663cc9dd-546d-53f2-9229-599d9b781a80.html,https://pressofatlanticcity.com/opinion/columnists/inevitable-blessings-and-curses-of-technology-call-for-balance-by-dave-anderson/article_663cc9dd-546d-53f2-9229-599d9b781a80.html,0,1.0,hamming<=6;jaccard>=0.82,conservative thresholds satisfied
MERGE_NEAR_DUP,https://www.enr.com/topics/588-information-technology,https://www.enr.com/topics/588-information-technology,0,1.0,hamming<=6;jaccard>=0.82,conservative thresholds satisfied
MERGE_NEAR_DUP,https://www.tvtechnology.com/equipment/telstra-broadcast-services-taps-grass-valley-for-remote-workflows,https://www.tvtechnology.com/equipment/telstra-broadcast-services-taps-grass-valley-for-remote-workflows,0,1.0,hamming<=6;jaccard>=0.82,conservative thresholds satisfied
MERGE_NEAR_DUP,https://www.benzinga.com/pressreleases/23/02/n30691913/crowley-awarded-prime-u-s-contract-position-for-technology-strategic-services,https://www.benzinga.com/pressreleases/23/02/n30691913/crowley-awarded-prime-u-s-contract-position-for-technology-strategic-services,0,1.0,hamming<=6;jaccard>=0.82,conservative thresholds satisfied
MERGE_NEAR_DUP,https://www.benzinga.com/pressreleases/23/02/n30691913/crowley-awarded-prime-u-s-contract-position-for-technology-strategic-services,https://www.benzinga.com/pressreleases/23/02/n30691913/crowley-awarded-prime-u-s-contract-position-for-technology-strategic-services,0,1.0,hamming<=6;jaccard>=0.82,conservative thresholds satisfied
MERGE_NEAR_DUP,https://www.tradersmagazine.com/am/integral-releases-full-crypto-technology-solution-for-banks-brokers-and-hedge-funds/,https://www.tradersmagazine.com/am/integral-releases-full-crypto-technology-solution-for-banks-brokers-and-hedge-funds/,0,1.0,hamming<=6;jaccard>=0.82,conservative thresholds satisfied
MERGE_NEAR_DUP,https://www.tradersmagazine.com/am/integral-releases-full-crypto-technology-solution-for-banks-brokers-and-hedge-funds/,https://www.tradersmagazine.com/am/integral-releases-full-crypto-technology-solution-for-banks-brokers-and-hedge-funds/,0,1.0,hamming<=6;jaccard>=0.82,conservative thresholds satisfied
MERGE_NEAR_DUP,https://www.wlky.com/article/louisville-emergency-911-call-center-storms-weather/43186136,https://www.wlky.com/article/louisville-emergency-911-call-center-storms-weather/43186136,0,1.0,hamming<=6;jaccard>=0.82,conservative thresholds satisfied
MERGE_NEAR_DUP,https://www.linkedin.com/pulse/leadership-information-technology-rimon-gerges,https://www.linkedin.com/pulse/leadership-information-technology-rimon-gerges,0,1.0,hamming<=6;jaccard>=0.82,conservative thresholds satisfied
MERGE_NEAR_DUP,https://www.linkedin.com/pulse/leadership-information-technology-rimon-gerges,https://www.linkedin.com/pulse/leadership-information-technology-rimon-gerges,0,1.0,hamming<=6;jaccard>=0.82,conservative thresholds satisfied
MERGE_NEAR_DUP,https://www.colorado.edu/health/newstudents,https://www.colorado.edu/health/newstudents,0,1.0,hamming<=6;jaccard>=0.82,conservative thresholds satisfied
MERGE_NEAR_DUP,https://www.lse.co.uk/ShareChat.html?ShareTicker=SYN&thread=275160ED-66C6-4D80-BAF3-6042F5B8594E,https://www.lse.co.uk/ShareChat.html?ShareTicker=SYN&thread=17D3E033-007A-4FC2-94B6-3CDFCE3B8717,0,1.0,hamming<=6;jaccard>=0.82,conservative thresholds satisfied
MERGE_NEAR_DUP,https://www.lse.co.uk/ShareChat.html?ShareTicker=SYN&thread=275160ED-66C6-4D80-BAF3-6042F5B8594E,https://www.lse.co.uk/ShareChat.html?ShareTicker=SYN&thread=542158BC-2831-4043-90DD-911AAD0752A8,0,1.0,hamming<=6;jaccard>=0.82,conservative thresholds satisfied
MERGE_NEAR_DUP,https://www.lse.co.uk/ShareChat.html?ShareTicker=SYN&thread=275160ED-66C6-4D80-BAF3-6042F5B8594E,https://www.lse.co.uk/ShareChat.html?ShareTicker=SYN&thread=DC62AF9A-800B-4D20-B735-BED7D98AC106,0,1.0,hamming<=6;jaccard>=0.82,conservative thresholds satisfied
MERGE_NEAR_DUP,https://www.lse.co.uk/ShareChat.html?ShareTicker=SYN&thread=275160ED-66C6-4D80-BAF3-6042F5B8594E,https://www.lse.co.uk/ShareChat.html?ShareTicker=SYN&thread=D691E069-DB95-4A64-8C4A-0D47D3362F20,0,1.0,hamming<=6;jaccard>=0.82,conservative thresholds satisfied
MERGE_NEAR_DUP,https://www.lse.co.uk/ShareChat.html?ShareTicker=SYN&thread=275160ED-66C6-4D80-BAF3-6042F5B8594E,https://www.lse.co.uk/ShareChat.html?ShareTicker=SYN&thread=7C0403D9-A368-4A92-B03B-50328C5E23AF,0,1.0,hamming<=6;jaccard>=0.82,conservative thresholds satisfied
MERGE_NEAR_DUP,https://www.lse.co.uk/ShareChat.html?ShareTicker=SYN&thread=275160ED-66C6-4D80-BAF3-6042F5B8594E,https://www.lse.co.uk/ShareChat.asp?ShareTicker=SYN&thread=29D319F6-2559-4514-A6F4-898ADC9172D1,0,1.0,hamming<=6;jaccard>=0.82,conservative thresholds satisfied
MERGE_NEAR_DUP,https://www.lse.co.uk/ShareChat.html?ShareTicker=SYN&thread=275160ED-66C6-4D80-BAF3-6042F5B8594E,https://www.lse.co.uk/ShareChat.html?ShareTicker=SYN&thread=27C5C7AB-9D1B-4CED-9335-E3449B867012,0,1.0,hamming<=6;jaccard>=0.82,conservative thresholds satisfied
MERGE_NEAR_DUP,https://www.lse.co.uk/ShareChat.html?ShareTicker=SYN&thread=275160ED-66C6-4D80-BAF3-6042F5B8594E,https://www.lse.co.uk/ShareChat.html?ShareTicker=SYN&thread=654756FF-7D7D-4A54-9E1A-A306CB4A381C,0,1.0,hamming<=6;jaccard>=0.82,conservative thresholds satisfied
MERGE_NEAR_DUP,https://www.lse.co.uk/ShareChat.html?ShareTicker=SYN&thread=275160ED-66C6-4D80-BAF3-6042F5B8594E,https://www.lse.co.uk/ShareChat.html?ShareTicker=SYN&thread=A116820B-33AF-46DC-8FCA-6634AA49BF5B,0,1.0,hamming<=6;jaccard>=0.82,conservative thresholds satisfied
MERGE_NEAR_DUP,https://www.lse.co.uk/ShareChat.html?ShareTicker=SYN&thread=275160ED-66C6-4D80-BAF3-6042F5B8594E,https://www.lse.co.uk/ShareChat.html?ShareTicker=SYN&thread=F39998C0-2936-476D-9D17-71A4E00F3E44,0,1.0,hamming<=6;jaccard>=0.82,conservative thresholds satisfied
MERGE_NEAR_DUP,https://www.lse.co.uk/ShareChat.html?ShareTicker=SYN&thread=17D3E033-007A-4FC2-94B6-3CDFCE3B8717,https://www.lse.co.uk/ShareChat.html?ShareTicker=SYN&thread=542158BC-2831-4043-90DD-911AAD0752A8,0,1.0,hamming<=6;jaccard>=0.82,conservative thresholds satisfied
MERGE_NEAR_DUP,https://www.lse.co.uk/ShareChat.html?ShareTicker=SYN&thread=17D3E033-007A-4FC2-94B6-3CDFCE3B8717,https://www.lse.co.uk/ShareChat.html?ShareTicker=SYN&thread=DC62AF9A-800B-4D20-B735-BED7D98AC106,0,1.0,hamming<=6;jaccard>=0.82,conservative thresholds satisfied
MERGE_NEAR_DUP,https://www.lse.co.uk/ShareChat.html?ShareTicker=SYN&thread=17D3E033-007A-4FC2-94B6-3CDFCE3B8717,https://www.lse.co.uk/ShareChat.html?ShareTicker=SYN&thread=D691E069-DB95-4A64-8C4A-0D47D3362F20,0,1.0,hamming<=6;jaccard>=0.82,conservative thresholds satisfied
MERGE_NEAR_DUP,https://www.lse.co.uk/ShareChat.html?ShareTicker=SYN&thread=17D3E033-007A-4FC2-94B6-3CDFCE3B8717,https://www.lse.co.uk/ShareChat.html?ShareTicker=SYN&thread=7C0403D9-A368-4A92-B03B-50328C5E23AF,0,1.0,hamming<=6;jaccard>=0.82,conservative thresholds satisfied
MERGE_NEAR_DUP,https://www.lse.co.uk/ShareChat.html?ShareTicker=SYN&thread=17D3E033-007A-4FC2-94B6-3CDFCE3B8717,https://www.lse.co.uk/ShareChat.asp?ShareTicker=SYN&thread=29D319F6-2559-4514-A6F4-898ADC9172D1,0,1.0,hamming<=6;jaccard>=0.82,conservative thresholds satisfied
MERGE_NEAR_DUP,https://www.lse.co.uk/ShareChat.html?ShareTicker=SYN&thread=17D3E033-007A-4FC2-94B6-3CDFCE3B8717,https://www.lse.co.uk/ShareChat.html?ShareTicker=SYN&thread=27C5C7AB-9D1B-4CED-9335-E3449B867012,0,1.0,hamming<=6;jaccard>=0.82,conservative thresholds satisfied
MERGE_NEAR_DUP,https://www.lse.co.uk/ShareChat.html?ShareTicker=SYN&thread=17D3E033-007A-4FC2-94B6-3CDFCE3B8717,https://www.lse.co.uk/ShareChat.html?ShareTicker=SYN&thread=654756FF-7D7D-4A54-9E1A-A306CB4A381C,0,1.0,hamming<=6;jaccard>=0.82,conservative thresholds satisfied
MERGE_NEAR_DUP,https://www.lse.co.uk/ShareChat.html?ShareTicker=SYN&thread=17D3E033-007A-4FC2-94B6-3CDFCE3B8717,https://www.lse.co.uk/ShareChat.html?ShareTicker=SYN&thread=A116820B-33AF-46DC-8FCA-6634AA49BF5B,0,1.0,hamming<=6;jaccard>=0.82,conservative thresholds satisfied
MERGE_NEAR_DUP,https://www.lse.co.uk/ShareChat.html?ShareTicker=SYN&thread=17D3E033-007A-4FC2-94B6-3CDFCE3B8717,https://www.lse.co.uk/ShareChat.html?ShareTicker=SYN&thread=F39998C0-2936-476D-9D17-71A4E00F3E44,0,1.0,hamming<=6;jaccard>=0.82,conservative thresholds satisfied
MERGE_NEAR_DUP,https://www.nasdaq.com/articles/4-stocks-from-the-prospering-technology-services-market,https://www.nasdaq.com/articles/4-stocks-from-the-prospering-technology-services-market,0,1.0,hamming<=6;jaccard>=0.82,conservative thresholds satisfied
MERGE_NEAR_DUP,https://www.nasdaq.com/articles/4-stocks-from-the-prospering-technology-services-market,https://www.nasdaq.com/articles/4-stocks-from-the-prospering-technology-services-market,0,1.0,hamming<=6;jaccard>=0.82,conservative thresholds satisfied
MERGE_NEAR_DUP,https://fox2now.com/news/missouri/stlcc-groundbreaking-taking-place-today-for-new-financial-services-and-emerging-technology-centers/,https://fox2now.com/news/missouri/stlcc-groundbreaking-taking-place-today-for-new-financial-services-and-emerging-technology-centers/,0,1.0,hamming<=6;jaccard>=0.82,conservative thresholds satisfied
MERGE_NEAR_DUP,https://fox2now.com/news/missouri/stlcc-groundbreaking-taking-place-today-for-new-financial-services-and-emerging-technology-centers/,https://fox2now.com/news/missouri/stlcc-groundbreaking-taking-place-today-for-new-financial-services-and-emerging-technology-centers/,0,1.0,hamming<=6;jaccard>=0.82,conservative thresholds satisfied
MERGE_NEAR_DUP,https://www.washingtonpost.com/technology/2022/12/24/elon-musk-twitter-funders/,https://www.washingtonpost.com/technology/2022/12/24/elon-musk-twitter-funders/,0,1.0,hamming<=6;jaccard>=0.82,conservative thresholds satisfied
MERGE_NEAR_DUP,https://www.washingtonpost.com/technology/2022/12/24/elon-musk-twitter-funders/,https://www.washingtonpost.com/technology/2022/12/24/elon-musk-twitter-funders/,0,1.0,hamming<=6;jaccard>=0.82,conservative thresholds satisfied
MERGE_NEAR_DUP,https://www.lse.co.uk/ShareChat.html?ShareTicker=SYN&thread=542158BC-2831-4043-90DD-911AAD0752A8,https://www.lse.co.uk/ShareChat.html?ShareTicker=SYN&thread=DC62AF9A-800B-4D20-B735-BED7D98AC106,0,1.0,hamming<=6;jaccard>=0.82,conservative thresholds satisfied
MERGE_NEAR_DUP,https://www.lse.co.uk/ShareChat.html?ShareTicker=SYN&thread=542158BC-2831-4043-90DD-911AAD0752A8,https://www.lse.co.uk/ShareChat.html?ShareTicker=SYN&thread=D691E069-DB95-4A64-8C4A-0D47D3362F20,0,1.0,hamming<=6;jaccard>=0.82,conservative thresholds satisfied
MERGE_NEAR_DUP,https://www.lse.co.uk/ShareChat.html?ShareTicker=SYN&thread=542158BC-2831-4043-90DD-911AAD0752A8,https://www.lse.co.uk/ShareChat.html?ShareTicker=SYN&thread=7C0403D9-A368-4A92-B03B-50328C5E23AF,0,1.0,hamming<=6;jaccard>=0.82,conservative thresholds satisfied
MERGE_NEAR_DUP,https://www.lse.co.uk/ShareChat.html?ShareTicker=SYN&thread=542158BC-2831-4043-90DD-911AAD0752A8,https://www.lse.co.uk/ShareChat.asp?ShareTicker=SYN&thread=29D319F6-2559-4514-A6F4-898ADC9172D1,0,1.0,hamming<=6;jaccard>=0.82,conservative thresholds satisfied
MERGE_NEAR_DUP,https://www.lse.co.uk/ShareChat.html?ShareTicker=SYN&thread=542158BC-2831-4043-90DD-911AAD0752A8,https://www.lse.co.uk/ShareChat.html?ShareTicker=SYN&thread=27C5C7AB-9D1B-4CED-9335-E3449B867012,0,1.0,hamming<=6;jaccard>=0.82,conservative thresholds satisfied
MERGE_NEAR_DUP,https://www.lse.co.uk/ShareChat.html?ShareTicker=SYN&thread=542158BC-2831-4043-90DD-911AAD0752A8,https://www.lse.co.uk/ShareChat.html?ShareTicker=SYN&thread=654756FF-7D7D-4A54-9E1A-A306CB4A381C,0,1.0,hamming<=6;jaccard>=0.82,conservative thresholds satisfied
MERGE_NEAR_DUP,https://www.lse.co.uk/ShareChat.html?ShareTicker=SYN&thread=542158BC-2831-4043-90DD-911AAD0752A8,https://www.lse.co.uk/ShareChat.html?ShareTicker=SYN&thread=A116820B-33AF-46DC-8FCA-6634AA49BF5B,0,1.0,hamming<=6;jaccard>=0.82,conservative thresholds satisfied
MERGE_NEAR_DUP,https://www.lse.co.uk/ShareChat.html?ShareTicker=SYN&thread=542158BC-2831-4043-90DD-911AAD0752A8,https://www.lse.co.uk/ShareChat.html?ShareTicker=SYN&thread=F39998C0-2936-476D-9D17-71A4E00F3E44,0,1.0,hamming<=6;jaccard>=0.82,conservative thresholds satisfied
MERGE_NEAR_DUP,https://www.ou.edu/admissions/academics/business/management-information-systems,https://www.ou.edu/admissions/academics/business/management-information-systems,0,1.0,hamming<=6;jaccard>=0.82,conservative thresholds satisfied
MERGE_NEAR_DUP,https://www.ou.edu/admissions/academics/business/management-information-systems,https://www.ou.edu/admissions/academics/business/management-information-systems,0,1.0,hamming<=6;jaccard>=0.82,conservative thresholds satisfied
MERGE_NEAR_DUP,https://www.insidermonkey.com/blog/12-best-information-technology-services-stocks-to-buy-1145218/,https://finance.yahoo.com/news/12-best-information-technology-services-134510190.html,0,1.0,hamming<=6;jaccard>=0.82,conservative thresholds satisfied
MERGE_NEAR_DUP,https://www.insidermonkey.com/blog/12-best-information-technology-services-stocks-to-buy-1145218/,https://www.insidermonkey.com/blog/12-best-information-technology-services-stocks-to-buy-1145218/,0,1.0,hamming<=6;jaccard>=0.82,conservative thresholds satisfied
MERGE_NEAR_DUP,https://www.insidermonkey.com/blog/12-best-information-technology-services-stocks-to-buy-1145218/,https://finance.yahoo.com/news/12-best-information-technology-services-134510190.html,0,1.0,hamming<=6;jaccard>=0.82,conservative thresholds satisfied
MERGE_NEAR_DUP,https://www.wsfa.com/2023/08/28/department-air-force-information-technology-cyberpower-conference-brings-thousands-montgomery/,https://www.wsfa.com/2023/08/28/department-air-force-information-technology-cyberpower-conference-brings-thousands-montgomery/,0,1.0,hamming<=6;jaccard>=0.82,conservative thresholds satisfied
REJECT_HAMMING,https://www.joplinglobe.com/region/national_business/synergen-health-announces-two-senior-leadership-promotions-in-product-and-client-services/article_ba4a7b06-2c2e-5ba3-b6bd-4eac5bc91ed0.html,https://www.devdiscourse.com/article/technology/2306713-cloud-a-big-game-changer-tremendous-momentum-in-cloud-adoption-satya-nadella,26,0.0,hamming<=6;jaccard>=0.82,SimHash distance above 6/64
MERGE_NEAR_DUP,https://www.railway-technology.com/news/db-obb-expand-cross-border-services/,https://www.railway-technology.com/news/db-obb-expand-cross-border-services/,0,1.0,hamming<=6;jaccard>=0.82,conservative thresholds satisfied
MERGE_NEAR_DUP,https://www.railway-technology.com/news/db-obb-expand-cross-border-services/,https://www.railway-technology.com/news/db-obb-expand-cross-border-services/,0,1.0,hamming<=6;jaccard>=0.82,conservative thresholds satisfied
MERGE_NEAR_DUP,https://www.bleepingcomputer.com/tag/information-technology/,https://www.bleepingcomputer.com/tag/information-technology/,0,1.0,hamming<=6;jaccard>=0.82,conservative thresholds satisfied
MERGE_NEAR_DUP,https://www.bleepingcomputer.com/tag/information-technology/,https://www.bleepingcomputer.com/tag/information-technology/,0,1.0,hamming<=6;jaccard>=0.82,conservative thresholds satisfied
MERGE_NEAR_DUP,https://www.itnewsafrica.com/2023/10/diagnostic-radiological-services-inc-unveils-cutting-edge-medical-technology/,https://www.itnewsafrica.com/2023/10/diagnostic-radiological-services-inc-unveils-cutting-edge-medical-technology/,0,1.0,hamming<=6;jaccard>=0.82,conservative thresholds satisfied
MERGE_NEAR_DUP,https://www.itnewsafrica.com/2023/10/diagnostic-radiological-services-inc-unveils-cutting-edge-medical-technology/,https://www.itnewsafrica.com/2023/10/diagnostic-radiological-services-inc-unveils-cutting-edge-medical-technology/,0,1.0,hamming<=6;jaccard>=0.82,conservative thresholds satisfied
MERGE_NEAR_DUP,https://www.livemint.com/companies/news/reliance-agm-2023-from-jio-true5g-to-jio-smart-home-services-here-are-key-technology-announcements-11693213347070.html,https://www.livemint.com/companies/news/reliance-agm-2023-from-jio-true5g-to-jio-smart-home-services-here-are-key-technology-announcements-11693213347070.html,0,1.0,hamming<=6;jaccard>=0.82,conservative thresholds satisfied
MERGE_NEAR_DUP,https://www.livemint.com/companies/news/reliance-agm-2023-from-jio-true5g-to-jio-smart-home-services-here-are-key-technology-announcements-11693213347070.html,https://www.livemint.com/companies/news/reliance-agm-2023-from-jio-true5g-to-jio-smart-home-services-here-are-key-technology-announcements-11693213347070.html,0,1.0,hamming<=6;jaccard>=0.82,conservative thresholds satisfied
REJECT_HAMMING,https://apnews.com/article/faa-airplanes-close-calls-technology-49435f599a50c9cbc687c591e2a42939,https://indianexpress.com/article/technology/tech-news-technology/onedrive-office-365-down-microsoft-apps-suffer-major-outage-8357105/,24,0.0,hamming<=6;jaccard>=0.82,SimHash distance above 6/64
MERGE_NEAR_DUP,https://apnews.com/article/faa-airplanes-close-calls-technology-49435f599a50c9cbc687c591e2a42939,https://apnews.com/article/faa-airplanes-close-calls-technology-49435f599a50c9cbc687c591e2a42939,0,1.0,hamming<=6;jaccard>=0.82,conservative thresholds satisfied
REJECT_HAMMING,https://apnews.com/article/faa-airplanes-close-calls-technology-49435f599a50c9cbc687c591e2a42939,https://indianexpress.com/article/technology/tech-news-technology/onedrive-office-365-down-microsoft-apps-suffer-major-outage-8357105/,24,0.0,hamming<=6;jaccard>=0.82,SimHash distance above 6/64
MERGE_NEAR_DUP,https://apnews.com/article/faa-airplanes-close-calls-technology-49435f599a50c9cbc687c591e2a42939,https://apnews.com/article/faa-airplanes-close-calls-technology-49435f599a50c9cbc687c591e2a42939,0,1.0,hamming<=6;jaccard>=0.82,conservative thresholds satisfied
MERGE_NEAR_DUP,https://archive.org/details/isbn_9780521855495,https://archive.org/details/isbn_9781402041457,0,1.0,hamming<=6;jaccard>=0.82,conservative thresholds satisfied
MERGE_NEAR_DUP,https://archive.org/details/isbn_9780521855495,https://archive.org/details/isbn_0964838214,0,1.0,hamming<=6;jaccard>=0.82,conservative thresholds satisfied
MERGE_NEAR_DUP,https://archive.org/details/isbn_9780521855495,https://archive.org/details/31761119696524,0,1.0,hamming<=6;jaccard>=0.82,conservative thresholds satisfied
MERGE_NEAR_DUP,https://www.marketwatch.com/press-release/broadcast-and-media-technology-and-services-market-industry-forecast-2023---2029-2023-03-18,https://www.marketwatch.com/press-release/broadcast-and-media-technology-and-services-market-industry-forecast-2023---2029-2023-03-18,0,1.0,hamming<=6;jaccard>=0.82,conservative thresholds satisfied
MERGE_NEAR_DUP,https://www.marketwatch.com/press-release/broadcast-and-media-technology-and-services-market-industry-forecast-2023---2029-2023-03-18,https://www.marketwatch.com/press-release/broadcast-and-media-technology-and-services-market-industry-forecast-2023---2029-2023-03-18,0,1.0,hamming<=6;jaccard>=0.82,conservative thresholds satisfied
MERGE_NEAR_DUP,https://www.waketech.edu/about-wake-tech/administrative-offices/information-technology-services,https://www.waketech.edu/about-wake-tech/administrative-offices/information-technology-services,0,1.0,hamming<=6;jaccard>=0.82,conservative thresholds satisfied
MERGE_NEAR_DUP,https://www.waketech.edu/about-wake-tech/administrative-offices/information-technology-services,https://www.waketech.edu/about-wake-tech/administrative-offices/information-technology-services,0,1.0,hamming<=6;jaccard>=0.82,conservative thresholds satisfied
MERGE_NEAR_DUP,https://www.lse.co.uk/ShareChat.html?ShareTicker=SYN&thread=DC62AF9A-800B-4D20-B735-BED7D98AC106,https://www.lse.co.uk/ShareChat.html?ShareTicker=SYN&thread=D691E069-DB95-4A64-8C4A-0D47D3362F20,0,1.0,hamming<=6;jaccard>=0.82,conservative thresholds satisfied
MERGE_NEAR_DUP,https://www.lse.co.uk/ShareChat.html?ShareTicker=SYN&thread=DC62AF9A-800B-4D20-B735-BED7D98AC106,https://www.lse.co.uk/ShareChat.html?ShareTicker=SYN&thread=7C0403D9-A368-4A92-B03B-50328C5E23AF,0,1.0,hamming<=6;jaccard>=0.82,conservative thresholds satisfied
MERGE_NEAR_DUP,https://www.lse.co.uk/ShareChat.html?ShareTicker=SYN&thread=DC62AF9A-800B-4D20-B735-BED7D98AC106,https://www.lse.co.uk/ShareChat.asp?ShareTicker=SYN&thread=29D319F6-2559-4514-A6F4-898ADC9172D1,0,1.0,hamming<=6;jaccard>=0.82,conservative thresholds satisfied
MERGE_NEAR_DUP,https://www.lse.co.uk/ShareChat.html?ShareTicker=SYN&thread=DC62AF9A-800B-4D20-B735-BED7D98AC106,https://www.lse.co.uk/ShareChat.html?ShareTicker=SYN&thread=27C5C7AB-9D1B-4CED-9335-E3449B867012,0,1.0,hamming<=6;jaccard>=0.82,conservative thresholds satisfied
MERGE_NEAR_DUP,https://www.lse.co.uk/ShareChat.html?ShareTicker=SYN&thread=DC62AF9A-800B-4D20-B735-BED7D98AC106,https://www.lse.co.uk/ShareChat.html?ShareTicker=SYN&thread=654756FF-7D7D-4A54-9E1A-A306CB4A381C,0,1.0,hamming<=6;jaccard>=0.82,conservative thresholds satisfied
MERGE_NEAR_DUP,https://www.lse.co.uk/ShareChat.html?ShareTicker=SYN&thread=DC62AF9A-800B-4D20-B735-BED7D98AC106,https://www.lse.co.uk/ShareChat.html?ShareTicker=SYN&thread=A116820B-33AF-46DC-8FCA-6634AA49BF5B,0,1.0,hamming<=6;jaccard>=0.82,conservative thresholds satisfied
MERGE_NEAR_DUP,https://www.lse.co.uk/ShareChat.html?ShareTicker=SYN&thread=DC62AF9A-800B-4D20-B735-BED7D98AC106,https://www.lse.co.uk/ShareChat.html?ShareTicker=SYN&thread=F39998C0-2936-476D-9D17-71A4E00F3E44,0,1.0,hamming<=6;jaccard>=0.82,conservative thresholds satisfied
MERGE_NEAR_DUP,https://www.businesswire.com/news/home/20230510005126/en/Wultra-and-iProov-Partner-to-Bring-Biometric-Technology-to-Banks-and-Financial-Services-Technology-Providers/,https://www.businesswire.com/news/home/20230510005126/en/Wultra-and-iProov-Partner-to-Bring-Biometric-Technology-to-Banks-and-Financial-Services-Technology-Providers/,0,1.0,hamming<=6;jaccard>=0.82,conservative thresholds satisfied
MERGE_NEAR_DUP,https://www.businesswire.com/news/home/20230510005126/en/Wultra-and-iProov-Partner-to-Bring-Biometric-Technology-to-Banks-and-Financial-Services-Technology-Providers/,https://www.businesswire.com/news/home/20230510005126/en/Wultra-and-iProov-Partner-to-Bring-Biometric-Technology-to-Banks-and-Financial-Services-Technology-Providers/,0,1.0,hamming<=6;jaccard>=0.82,conservative thresholds satisfied
MERGE_NEAR_DUP,https://www.boisestate.edu/cobe-itscm/it-management/,https://www.boisestate.edu/cobe-itscm/it-management/,0,1.0,hamming<=6;jaccard>=0.82,conservative thresholds satisfied
MERGE_NEAR_DUP,https://www.boisestate.edu/cobe-itscm/it-management/,https://www.boisestate.edu/cobe-itscm/it-management/,0,1.0,hamming<=6;jaccard>=0.82,conservative thresholds satisfied
MERGE_NEAR_DUP,https://www.andnowuknow.com/buyside-news/ahold-delhaize-usas-rom-kosla-discusses-technology-innovations-operational/chandler-james/82393,https://www.andnowuknow.com/buyside-news/ahold-delhaize-usas-rom-kosla-discusses-technology-innovations-operational/chandler-james/82393,0,1.0,hamming<=6;jaccard>=0.82,conservative thresholds satisfied
MERGE_NEAR_DUP,https://www.usnews.com/360-reviews/technology/streaming-services,https://www.usnews.com/360-reviews/technology/streaming-services,0,1.0,hamming<=6;jaccard>=0.82,conservative thresholds satisfied
MERGE_NEAR_DUP,https://economictimes.indiatimes.com/tech/startups/zoomcar-appoints-ashu-singhal-as-chief-technology-and-product-officer/articleshow/96882148.cms,https://economictimes.indiatimes.com/tech/startups/zoomcar-appoints-ashu-singhal-as-chief-technology-and-product-officer/articleshow/96882148.cms,0,1.0,hamming<=6;jaccard>=0.82,conservative thresholds satisfied
REJECT_HAMMING,https://economictimes.indiatimes.com/tech/startups/zoomcar-appoints-ashu-singhal-as-chief-technology-and-product-officer/articleshow/96882148.cms,https://www.nasdaq.com/articles/stephens-co.-upgrades-fidelity-national-information-services-fis,20,0.0,hamming<=6;jaccard>=0.82,SimHash distance above 6/64
REJECT_HAMMING,https://economictimes.indiatimes.com/tech/startups/zoomcar-appoints-ashu-singhal-as-chief-technology-and-product-officer/articleshow/96882148.cms,https://www.nasdaq.com/articles/stephens-co.-upgrades-fidelity-national-information-services-fis,20,0.0,hamming<=6;jaccard>=0.82,SimHash distance above 6/64
MERGE_NEAR_DUP,https://economictimes.indiatimes.com/tech/startups/zoomcar-appoints-ashu-singhal-as-chief-technology-and-product-officer/articleshow/96882148.cms,https://economictimes.indiatimes.com/tech/startups/zoomcar-appoints-ashu-singhal-as-chief-technology-and-product-officer/articleshow/96882148.cms,0,1.0,hamming<=6;jaccard>=0.82,conservative thresholds satisfied
MERGE_NEAR_DUP,https://www.reuters.com/technology/us-says-decentralized-finance-services-being-used-illicit-transfers-2023-04-06/,https://www.reuters.com/technology/us-says-decentralized-finance-services-being-used-illicit-transfers-2023-04-06/,0,1.0,hamming<=6;jaccard>=0.82,conservative thresholds satisfied
REJECT_HAMMING,https://phys.org/news/2023-06-tiny-magnetic-tracking-device-magneto-mechanical.html,https://au.news.yahoo.com/information-services-group-nasdaq-iii-100744054.html,23,0.0,hamming<=6;jaccard>=0.82,SimHash distance above 6/64
REJECT_HAMMING,https://phys.org/news/2023-06-tiny-magnetic-tracking-device-magneto-mechanical.html,https://au.news.yahoo.com/information-services-group-nasdaq-iii-100744054.html,23,0.0,hamming<=6;jaccard>=0.82,SimHash distance above 6/64
REJECT_HAMMING,https://phys.org/news/2023-06-tiny-magnetic-tracking-device-magneto-mechanical.html,https://au.news.yahoo.com/information-services-group-nasdaq-iii-100744054.html,23,0.0,hamming<=6;jaccard>=0.82,SimHash distance above 6/64
REJECT_HAMMING,https://it.tmcnet.com/news/2023/03/15/9777602.htm,https://www.marketwatch.com/press-release/big-data-technology-and-service-market-trends-and-forecast-a-comprehensive-analysis-2023-2028-2023-02-27,25,0.0,hamming<=6;jaccard>=0.82,SimHash distance above 6/64
REJECT_HAMMING,https://it.tmcnet.com/news/2023/03/15/9777602.htm,https://www.marketwatch.com/press-release/big-data-technology-and-service-market-trends-and-forecast-a-comprehensive-analysis-2023-2028-2023-02-27,25,0.0,hamming<=6;jaccard>=0.82,SimHash distance above 6/64
MERGE_NEAR_DUP,https://hk.finance.yahoo.com/news/alight-launches-behavioral-health-navigation-180200162.html,https://hk.finance.yahoo.com/news/alight-launches-behavioral-health-navigation-180200162.html,0,1.0,hamming<=6;jaccard>=0.82,conservative thresholds satisfied
MERGE_NEAR_DUP,https://www.nasdaq.com/articles/thursday-sector-leaders:-technology-communications-services-4,https://www.nasdaq.com/articles/thursday-sector-leaders:-technology-communications-services-4,0,1.0,hamming<=6;jaccard>=0.82,conservative thresholds satisfied
MERGE_NEAR_DUP,https://www.nasdaq.com/articles/thursday-sector-leaders:-technology-communications-services-4,https://www.nasdaq.com/articles/thursday-sector-leaders:-technology-communications-services-4,0,1.0,hamming<=6;jaccard>=0.82,conservative thresholds satisfied
REJECT_HAMMING,https://markets.businessinsider.com/news/stocks/eqs-news-synlab-ag-synlab-invests-in-innovative-healthcare-centre-in-florence-1032413969,https://www.wsj.com/finance/stocks/tech-media-telecom-roundup-market-talk-606d7749,25,0.0,hamming<=6;jaccard>=0.82,SimHash distance above 6/64
MERGE_NEAR_DUP,https://finance.yahoo.com/news/think-fidelity-national-information-services-082133891.html,https://finance.yahoo.com/news/think-fidelity-national-information-services-082133891.html,0,1.0,hamming<=6;jaccard>=0.82,conservative thresholds satisfied
MERGE_NEAR_DUP,https://finance.yahoo.com/news/think-fidelity-national-information-services-082133891.html,https://finance.yahoo.com/news/think-fidelity-national-information-services-082133891.html,0,1.0,hamming<=6;jaccard>=0.82,conservative thresholds satisfied
MERGE_NEAR_DUP,https://www.waketech.edu/programs-courses/credit/human-services-technology/degrees-programs,https://www.waketech.edu/programs-courses/credit/human-services-technology/degrees-programs,0,1.0,hamming<=6;jaccard>=0.82,conservative thresholds satisfied
MERGE_NEAR_DUP,https://www.waketech.edu/programs-courses/credit/human-services-technology/degrees-programs,https://www.waketech.edu/programs-courses/credit/credit-programs/human-services-technology/degrees-programs/a4538e,0,1.0,hamming<=6;jaccard>=0.82,conservative thresholds satisfied
REJECT_HAMMING,https://www.waketech.edu/programs-courses/credit/human-services-technology/degrees-programs,https://www.bloomberg.com/news/articles/2023-02-13/tech-industry-layoffs-continue-to-spread-can-workers-find-new-jobs,23,0.0,hamming<=6;jaccard>=0.82,SimHash distance above 6/64
MERGE_NEAR_DUP,https://www.waketech.edu/programs-courses/credit/human-services-technology/degrees-programs,https://www.waketech.edu/programs-courses/credit/credit-programs/human-services-technology/degrees-programs/a4538e,0,1.0,hamming<=6;jaccard>=0.82,conservative thresholds satisfied
MERGE_NEAR_DUP,https://www.waketech.edu/programs-courses/credit/human-services-technology/degrees-programs,https://www.waketech.edu/programs-courses/credit/human-services-technology/degrees-programs,0,1.0,hamming<=6;jaccard>=0.82,conservative thresholds satisfied
MERGE_NEAR_DUP,https://www.wwlp.com/news/local-news/springfield-technology-park-renovated-space-for-new-massachusetts-department-of-developmental-services-location/,https://www.wwlp.com/news/local-news/springfield-technology-park-renovated-space-for-new-massachusetts-department-of-developmental-services-location/,0,1.0,hamming<=6;jaccard>=0.82,conservative thresholds satisfied
MERGE_NEAR_DUP,https://www.wwlp.com/news/local-news/springfield-technology-park-renovated-space-for-new-massachusetts-department-of-developmental-services-location/,https://www.wwlp.com/news/local-news/springfield-technology-park-renovated-space-for-new-massachusetts-department-of-developmental-services-location/,0,1.0,hamming<=6;jaccard>=0.82,conservative thresholds satisfied
MERGE_NEAR_DUP,https://www.newsweek.com/topic/department-health-and-human-services,https://www.newsweek.com/topic/department-health-and-human-services,0,1.0,hamming<=6;jaccard>=0.82,conservative thresholds satisfied
REJECT_HAMMING,https://www.newsweek.com/topic/department-health-and-human-services,https://www.businesswire.com/news/home/20230509005100/en/Extreme-Creates-First-Networking-Cloud-Continuum-Delivering-Flexibility-Cloud-Sovereignty,23,0.0,hamming<=6;jaccard>=0.82,SimHash distance above 6/64
MERGE_NEAR_DUP,https://www.newsweek.com/topic/department-health-and-human-services,https://www.newsweek.com/topic/department-health-and-human-services,0,1.0,hamming<=6;jaccard>=0.82,conservative thresholds satisfied
REJECT_HAMMING,https://www.pharmaceutical-technology.com/sponsored/how-competitors-are-collaborating-to-shape-biopharma-best-practices-and-regulations-of-the-future/,https://www.gasworld.com/topics/technology/information-technology/,27,0.0,hamming<=6;jaccard>=0.82,SimHash distance above 6/64
MERGE_NEAR_DUP,https://www.pharmaceutical-technology.com/sponsored/how-competitors-are-collaborating-to-shape-biopharma-best-practices-and-regulations-of-the-future/,https://www.pharmaceutical-technology.com/sponsored/how-competitors-are-collaborating-to-shape-biopharma-best-practices-and-regulations-of-the-future/,0,1.0,hamming<=6;jaccard>=0.82,conservative thresholds satisfied
MERGE_NEAR_DUP,https://www.fool.com/investing/stock-market/market-sectors/information-technology/,https://www.fool.com/investing/stock-market/market-sectors/information-technology/,0,1.0,hamming<=6;jaccard>=0.82,conservative thresholds satisfied
MERGE_NEAR_DUP,https://www.fool.com/investing/stock-market/market-sectors/information-technology/,https://www.fool.com/investing/stock-market/market-sectors/information-technology/,0,1.0,hamming<=6;jaccard>=0.82,conservative thresholds satisfied
REJECT_HAMMING,https://www.information-age.com/keys-to-successful-ma-technology-integration-123501363/,https://www.bizjournals.com/pacific/subscriber-only/2023/02/10/hawaii-information-technology-companies.html,28,0.0,hamming<=6;jaccard>=0.82,SimHash distance above 6/64
MERGE_NEAR_DUP,https://www.tmcnet.com/usubmit/2023/04/24/9800585.htm,https://www.tmcnet.com/usubmit/2023/04/24/9800585.htm,0,1.0,hamming<=6;jaccard>=0.82,conservative thresholds satisfied
MERGE_NEAR_DUP,https://www.seniorliving.org/tech/,https://www.seniorliving.org/tech/,0,1.0,hamming<=6;jaccard>=0.82,conservative thresholds satisfied
MERGE_NEAR_DUP,https://www.seniorliving.org/tech/,https://www.seniorliving.org/tech/,0,1.0,hamming<=6;jaccard>=0.82,conservative thresholds satisfied
MERGE_NEAR_DUP,https://thehill.com/policy/technology/4100297-sullivan-hackers-did-not-get-any-classified-federal-information-from-agencies/,https://thehill.com/policy/technology/4100297-sullivan-hackers-did-not-get-any-classified-federal-information-from-agencies/,0,1.0,hamming<=6;jaccard>=0.82,conservative thresholds satisfied
MERGE_NEAR_DUP,https://medicalxpress.com/tags/information+technology/,https://medicalxpress.com/tags/information+technology/,0,1.0,hamming<=6;jaccard>=0.82,conservative thresholds satisfied
MERGE_NEAR_DUP,https://medicalxpress.com/tags/information+technology/,https://medicalxpress.com/tags/information+technology/,0,1.0,hamming<=6;jaccard>=0.82,conservative thresholds satisfied
MERGE_NEAR_DUP,https://www.linkedin.com/pulse/green-information-technology-services-market,https://www.linkedin.com/pulse/green-information-technology-services-market,0,1.0,hamming<=6;jaccard>=0.82,conservative thresholds satisfied
REJECT_HAMMING,https://uk.finance.yahoo.com/news/information-services-group-inc-nasdaq-110739974.html,https://finance.yahoo.com/news/information-services-group-inc-nasdaq-110739974.html,9,0.725,hamming<=6;jaccard>=0.82,SimHash distance above 6/64
MERGE_NEAR_DUP,https://uk.finance.yahoo.com/news/information-services-group-inc-nasdaq-110739974.html,https://hk.finance.yahoo.com/news/information-services-group-inc-nasdaq-110739974.html,0,1.0,hamming<=6;jaccard>=0.82,conservative thresholds satisfied
REJECT_HAMMING,https://www.livemint.com/market/stock-market-news/lt-technology-services-shares-jump-8-after-q4-should-you-buy-11682581245849.html,https://www.lelezard.com/en/news-20790288.html,26,0.0,hamming<=6;jaccard>=0.82,SimHash distance above 6/64
REJECT_HAMMING,https://www.livemint.com/market/stock-market-news/lt-technology-services-shares-jump-8-after-q4-should-you-buy-11682581245849.html,https://www.lelezard.com/en/news-20790288.html,26,0.0,hamming<=6;jaccard>=0.82,SimHash distance above 6/64
MERGE_NEAR_DUP,https://thediplomat.com/2009/06/technology-and-diplomacy/,https://thediplomat.com/2009/06/technology-and-diplomacy/,0,1.0,hamming<=6;jaccard>=0.82,conservative thresholds satisfied
MERGE_NEAR_DUP,https://thediplomat.com/2009/06/technology-and-diplomacy/,https://thediplomat.com/2009/06/technology-and-diplomacy/,0,1.0,hamming<=6;jaccard>=0.82,conservative thresholds satisfied
REJECT_HAMMING,https://www.crn.com/news/managed-services/logically-s-new-ceo-the-goal-is-to-transform-into-a-true-mssp-,https://www.devdiscourse.com/article/technology/2353232-sc-ventures-partners-with-yabx-to-expand-access-to-financial-services-in-africa,26,0.0,hamming<=6;jaccard>=0.82,SimHash distance above 6/64
REJECT_HAMMING,https://www.crn.com/news/managed-services/logically-s-new-ceo-the-goal-is-to-transform-into-a-true-mssp-,https://www.devdiscourse.com/article/technology/2353232-sc-ventures-partners-with-yabx-to-expand-access-to-financial-services-in-africa,26,0.0,hamming<=6;jaccard>=0.82,SimHash distance above 6/64
MERGE_NEAR_DUP,https://www.lse.co.uk/ShareChat.html?ShareTicker=SYN&thread=D691E069-DB95-4A64-8C4A-0D47D3362F20,https://www.lse.co.uk/ShareChat.html?ShareTicker=SYN&thread=7C0403D9-A368-4A92-B03B-50328C5E23AF,0,1.0,hamming<=6;jaccard>=0.82,conservative thresholds satisfied
MERGE_NEAR_DUP,https://www.lse.co.uk/ShareChat.html?ShareTicker=SYN&thread=D691E069-DB95-4A64-8C4A-0D47D3362F20,https://www.lse.co.uk/ShareChat.asp?ShareTicker=SYN&thread=29D319F6-2559-4514-A6F4-898ADC9172D1,0,1.0,hamming<=6;jaccard>=0.82,conservative thresholds satisfied
MERGE_NEAR_DUP,https://www.lse.co.uk/ShareChat.html?ShareTicker=SYN&thread=D691E069-DB95-4A64-8C4A-0D47D3362F20,https://www.lse.co.uk/ShareChat.html?ShareTicker=SYN&thread=27C5C7AB-9D1B-4CED-9335-E3449B867012,0,1.0,hamming<=6;jaccard>=0.82,conservative thresholds satisfied
MERGE_NEAR_DUP,https://www.lse.co.uk/ShareChat.html?ShareTicker=SYN&thread=D691E069-DB95-4A64-8C4A-0D47D3362F20,https://www.lse.co.uk/ShareChat.html?ShareTicker=SYN&thread=654756FF-7D7D-4A54-9E1A-A306CB4A381C,0,1.0,hamming<=6;jaccard>=0.82,conservative thresholds satisfied
MERGE_NEAR_DUP,https://www.lse.co.uk/ShareChat.html?ShareTicker=SYN&thread=D691E069-DB95-4A64-8C4A-0D47D3362F20,https://www.lse.co.uk/ShareChat.html?ShareTicker=SYN&thread=A116820B-33AF-46DC-8FCA-6634AA49BF5B,0,1.0,hamming<=6;jaccard>=0.82,conservative thresholds satisfied
MERGE_NEAR_DUP,https://www.lse.co.uk/ShareChat.html?ShareTicker=SYN&thread=D691E069-DB95-4A64-8C4A-0D47D3362F20,https://www.lse.co.uk/ShareChat.html?ShareTicker=SYN&thread=F39998C0-2936-476D-9D17-71A4E00F3E44,0,1.0,hamming<=6;jaccard>=0.82,conservative thresholds satisfied
MERGE_NEAR_DUP,https://archive.org/details/isbn_9781402041457,https://archive.org/details/isbn_0964838214,0,1.0,hamming<=6;jaccard>=0.82,conservative thresholds satisfied
MERGE_NEAR_DUP,https://archive.org/details/isbn_9781402041457,https://archive.org/details/31761119696524,0,1.0,hamming<=6;jaccard>=0.82,conservative thresholds satisfied
MERGE_NEAR_DUP,https://finance.yahoo.com/news/dlh-strengthens-information-technology-cyber-210000289.html,https://finance.yahoo.com/news/dlh-strengthens-information-technology-cyber-210000289.html,0,1.0,hamming<=6;jaccard>=0.82,conservative thresholds satisfied
MERGE_NEAR_DUP,https://finance.yahoo.com/news/dlh-strengthens-information-technology-cyber-210000289.html,https://finance.yahoo.com/news/dlh-strengthens-information-technology-cyber-210000289.html,0,1.0,hamming<=6;jaccard>=0.82,conservative thresholds satisfied
MERGE_NEAR_DUP,https://fedscoop.com/gsa-names-new-technology-transformation-services-deputy-director/,https://fedscoop.com/gsa-names-new-technology-transformation-services-deputy-director/,0,1.0,hamming<=6;jaccard>=0.82,conservative thresholds satisfied
MERGE_NEAR_DUP,https://www.hstoday.us/subject-matter-areas/information-technology/gsa-appointments-include-new-director-of-technology-transformation-services/,https://www.hstoday.us/subject-matter-areas/information-technology/gsa-appointments-include-new-director-of-technology-transformation-services/,0,1.0,hamming<=6;jaccard>=0.82,conservative thresholds satisfied
MERGE_NEAR_DUP,https://www.yahoo.com/entertainment/cerecore-expands-healthcare-technology-services-120000053.html,https://www.yahoo.com/entertainment/cerecore-expands-healthcare-technology-services-120000053.html,0,1.0,hamming<=6;jaccard>=0.82,conservative thresholds satisfied
MERGE_NEAR_DUP,https://www.yahoo.com/entertainment/cerecore-expands-healthcare-technology-services-120000053.html,https://www.finanznachrichten.de/nachrichten-2022-12/57793723-cerecore-expands-healthcare-technology-services-into-the-uk-008.htm,0,1.0,hamming<=6;jaccard>=0.82,conservative thresholds satisfied
MERGE_NEAR_DUP,https://mb.com.ph/2022/12/10/kapihan-sa-mb-presents-episode-that-tackles-how-technology-and-innovation-drive-the-transformation-of-a-company/,https://mb.com.ph/2022/12/10/kapihan-sa-mb-presents-episode-that-tackles-how-technology-and-innovation-drive-the-transformation-of-a-company/,0,1.0,hamming<=6;jaccard>=0.82,conservative thresholds satisfied
REJECT_HAMMING,https://www.reuters.com/technology/openai-readies-new-open-source-ai-model-information-2023-05-15/,https://www.bakersfield.com/ap/news/boxed-launches-spresso-saas-solutions-on-google-cloud-marketplace-to-provide-data-driven/article_d75d876f-be92-5e42-a106-25486b121d1b.html,25,0.0,hamming<=6;jaccard>=0.82,SimHash distance above 6/64
MERGE_NEAR_DUP,https://www.reuters.com/technology/openai-readies-new-open-source-ai-model-information-2023-05-15/,https://www.reuters.com/technology/openai-readies-new-open-source-ai-model-information-2023-05-15/,0,1.0,hamming<=6;jaccard>=0.82,conservative thresholds satisfied
MERGE_NEAR_DUP,https://www.nasdaq.com/articles/wednesday-sector-laggards:-services-technology-communications-4,https://www.nasdaq.com/articles/wednesday-sector-laggards:-services-technology-communications-4,0,1.0,hamming<=6;jaccard>=0.82,conservative thresholds satisfied
MERGE_NEAR_DUP,https://www.nasdaq.com/articles/wednesday-sector-laggards:-services-technology-communications-4,https://www.nasdaq.com/articles/wednesday-sector-laggards:-services-technology-communications-4,0,1.0,hamming<=6;jaccard>=0.82,conservative thresholds satisfied
MERGE_NEAR_DUP,https://www.gu.se/en/research/information-technology-and-science,https://www.gu.se/en/research/information-technology-and-science,0,1.0,hamming<=6;jaccard>=0.82,conservative thresholds satisfied
MERGE_NEAR_DUP,https://www.gu.se/en/research/information-technology-and-science,https://www.gu.se/en/research/information-technology-and-science,0,1.0,hamming<=6;jaccard>=0.82,conservative thresholds satisfied
MERGE_NEAR_DUP,https://www.nextgov.com/emerging-tech/2023/01/ncua-names-director-new-financial-technology-and-access-team/381457/,https://www.nextgov.com/emerging-tech/2023/01/ncua-names-director-new-financial-technology-and-access-team/381457/,0,1.0,hamming<=6;jaccard>=0.82,conservative thresholds satisfied
MERGE_NEAR_DUP,https://www.nextgov.com/emerging-tech/2023/01/ncua-names-director-new-financial-technology-and-access-team/381457/,https://www.nextgov.com/emerging-tech/2023/01/ncua-names-director-new-financial-technology-and-access-team/381457/,0,1.0,hamming<=6;jaccard>=0.82,conservative thresholds satisfied
MERGE_NEAR_DUP,https://www.i-scoop.eu/information-management/,https://www.i-scoop.eu/information-management/,0,1.0,hamming<=6;jaccard>=0.82,conservative thresholds satisfied
MERGE_NEAR_DUP,https://business.inquirer.net/387271/top-business-and-technology-trends-to-drive-digital-transformation-in-ph-in-2023,https://business.inquirer.net/387271/top-business-and-technology-trends-to-drive-digital-transformation-in-ph-in-2023,0,1.0,hamming<=6;jaccard>=0.82,conservative thresholds satisfied
MERGE_NEAR_DUP,https://business.inquirer.net/387271/top-business-and-technology-trends-to-drive-digital-transformation-in-ph-in-2023,https://business.inquirer.net/387271/top-business-and-technology-trends-to-drive-digital-transformation-in-ph-in-2023,0,1.0,hamming<=6;jaccard>=0.82,conservative thresholds satisfied
MERGE_NEAR_DUP,https://www.federalregister.gov/documents/2023/06/16/2023-12925/securing-the-information-and-communications-technology-and-services-supply-chain-connected-software,https://www.federalregister.gov/documents/2023/07/20/2023-15432/request-for-information-on-equitable-delivery-of-climate-services,0,1.0,hamming<=6;jaccard>=0.82,conservative thresholds satisfied
REJECT_HAMMING,https://www.federalregister.gov/documents/2023/06/16/2023-12925/securing-the-information-and-communications-technology-and-services-supply-chain-connected-software,https://www.victoriaadvocate.com/marine-products-corporation-to-participate-in-the-baird-2023-global-consumer-technology-and-services-conference/article_6aaf4e0f-5f7d-5793-ace4-fa1808ba9280.html,22,0.0,hamming<=6;jaccard>=0.82,SimHash distance above 6/64
MERGE_NEAR_DUP,https://www.federalregister.gov/documents/2023/06/16/2023-12925/securing-the-information-and-communications-technology-and-services-supply-chain-connected-software,https://www.federalregister.gov/documents/2023/07/20/2023-15432/request-for-information-on-equitable-delivery-of-climate-services,0,1.0,hamming<=6;jaccard>=0.82,conservative thresholds satisfied
MERGE_NEAR_DUP,https://www.federalregister.gov/documents/2023/06/16/2023-12925/securing-the-information-and-communications-technology-and-services-supply-chain-connected-software,https://www.federalregister.gov/documents/2007/03/02/07-951/information-technology-and-telecommunications-guidelines-for-federal-telework-and-other-alternative,0,1.0,hamming<=6;jaccard>=0.82,conservative thresholds satisfied
MERGE_NEAR_DUP,https://www.federalregister.gov/documents/2023/06/16/2023-12925/securing-the-information-and-communications-technology-and-services-supply-chain-connected-software,https://www.federalregister.gov/documents/2023/06/16/2023-12925/securing-the-information-and-communications-technology-and-services-supply-chain-connected-software,0,1.0,hamming<=6;jaccard>=0.82,conservative thresholds satisfied
MERGE_NEAR_DUP,https://www.federalregister.gov/documents/2023/06/16/2023-12925/securing-the-information-and-communications-technology-and-services-supply-chain-connected-software,https://www.federalregister.gov/documents/2007/03/02/07-951/information-technology-and-telecommunications-guidelines-for-federal-telework-and-other-alternative,0,1.0,hamming<=6;jaccard>=0.82,conservative thresholds satisfied
MERGE_NEAR_DUP,https://www.federalregister.gov/documents/2023/06/16/2023-12925/securing-the-information-and-communications-technology-and-services-supply-chain-connected-software,https://www.federalregister.gov/documents/2023/06/16/2023-12925/securing-the-information-and-communications-technology-and-services-supply-chain-connected-software,0,1.0,hamming<=6;jaccard>=0.82,conservative thresholds satisfied
REJECT_HAMMING,https://www.securityinfowatch.com/cybersecurity/press-release/53075521/trust-your-supplier-signzy-partner-to-revolutionize-aipowered-digital-onboarding-identity-verification,https://www.newspressnow.com/opinion/its_your_call/its-your-call-for-july-5/article_c4b1fd06-1a9e-11ee-a58d-2fbb7801914d.html,15,0.0,hamming<=6;jaccard>=0.82,SimHash distance above 6/64
REJECT_HAMMING,https://www.securityinfowatch.com/cybersecurity/press-release/53075521/trust-your-supplier-signzy-partner-to-revolutionize-aipowered-digital-onboarding-identity-verification,https://www.newspressnow.com/opinion/its_your_call/its-your-call-for-dec-20/article_297c71fc-7fd7-11ed-8e3f-f7c3a043d6d7.html,15,0.0,hamming<=6;jaccard>=0.82,SimHash distance above 6/64
REJECT_HAMMING,https://www.securityinfowatch.com/cybersecurity/press-release/53075521/trust-your-supplier-signzy-partner-to-revolutionize-aipowered-digital-onboarding-identity-verification,https://www.newspressnow.com/opinion/its_your_call/its-your-call-for-dec-20/article_297c71fc-7fd7-11ed-8e3f-f7c3a043d6d7.html,15,0.0,hamming<=6;jaccard>=0.82,SimHash distance above 6/64
REJECT_HAMMING,https://www.securityinfowatch.com/cybersecurity/press-release/53075521/trust-your-supplier-signzy-partner-to-revolutionize-aipowered-digital-onboarding-identity-verification,https://www.newspressnow.com/opinion/its_your_call/its-your-call-for-march-24/article_88d78b28-c94c-11ed-badc-439c776e82bb.html,15,0.0,hamming<=6;jaccard>=0.82,SimHash distance above 6/64
REJECT_HAMMING,https://www.securityinfowatch.com/cybersecurity/press-release/53075521/trust-your-supplier-signzy-partner-to-revolutionize-aipowered-digital-onboarding-identity-verification,https://www.newspressnow.com/opinion/its_your_call/its-your-call-dec-14/article_0beebf92-7a6d-11ed-996a-dbeb3a7cb9a7.html,15,0.0,hamming<=6;jaccard>=0.82,SimHash distance above 6/64
MERGE_NEAR_DUP,https://framinghamsource.com/index.php/2023/01/04/healey-and-driscoll-announce-hao-as-economic-development-secretary-and-snyder-as-technology-services-security-secretary/,https://framinghamsource.com/index.php/2023/01/04/healey-and-driscoll-announce-hao-as-economic-development-secretary-and-snyder-as-technology-services-security-secretary/,0,1.0,hamming<=6;jaccard>=0.82,conservative thresholds satisfied
REJECT_HAMMING,https://www.businesstoday.in/technology/news/story/reliance-agm-new-jio-smarthome-services-launched-sale-of-airfiber-to-start-from-september-19-395926-2023-08-28,https://www.devdiscourse.com/article/technology/2301347-dot-dials-telcos-on-call-drops-service-quality-issues-discusses-interventions-measures-needed,23,0.0,hamming<=6;jaccard>=0.82,SimHash distance above 6/64
REJECT_HAMMING,https://www.businesstoday.in/technology/news/story/reliance-agm-new-jio-smarthome-services-launched-sale-of-airfiber-to-start-from-september-19-395926-2023-08-28,https://www.devdiscourse.com/article/technology/2301347-dot-dials-telcos-on-call-drops-service-quality-issues-discusses-interventions-measures-needed,23,0.0,hamming<=6;jaccard>=0.82,SimHash distance above 6/64
REJECT_HAMMING,https://indianexpress.com/article/technology/bharos-opportunities-challenges-india-developers-8410901/,https://news.yahoo.com/911-call-mixup-leads-crews-141100064.html,23,0.0,hamming<=6;jaccard>=0.82,SimHash distance above 6/64
REJECT_HAMMING,https://finance.yahoo.com/news/information-services-group-inc-nasdaq-110739974.html,https://hk.finance.yahoo.com/news/information-services-group-inc-nasdaq-110739974.html,9,0.725,hamming<=6;jaccard>=0.82,SimHash distance above 6/64
MERGE_NEAR_DUP,https://www.siliconindia.com/news/general/lt-sells-business-division-to-subsidiary-lt-technology-services-for-rs-800-cr-nid-220959-cid-1.html,https://www.siliconindia.com/news/general/lt-sells-business-division-to-subsidiary-lt-technology-services-for-rs-800-cr-nid-220959-cid-1.html,0,1.0,hamming<=6;jaccard>=0.82,conservative thresholds satisfied
REJECT_HAMMING,https://www.bizjournals.com/sacramento/inno/stories/news/2023/10/27/thermogenesis-shared-lab-space.html,https://www.msn.com/en-in/money/topstories/govt-to-launch-digital-india-innovation-fund-for-deep-tech-startups/ar-AA15PHap,29,0.0,hamming<=6;jaccard>=0.82,SimHash distance above 6/64
MERGE_NEAR_DUP,https://www.hcltech.com/,https://www.hcltech.com/,0,1.0,hamming<=6;jaccard>=0.82,conservative thresholds satisfied
MERGE_NEAR_DUP,https://www.lse.co.uk/ShareChat.html?ShareTicker=SYN&thread=7C0403D9-A368-4A92-B03B-50328C5E23AF,https://www.lse.co.uk/ShareChat.asp?ShareTicker=SYN&thread=29D319F6-2559-4514-A6F4-898ADC9172D1,0,1.0,hamming<=6;jaccard>=0.82,conservative thresholds satisfied
MERGE_NEAR_DUP,https://www.lse.co.uk/ShareChat.html?ShareTicker=SYN&thread=7C0403D9-A368-4A92-B03B-50328C5E23AF,https://www.lse.co.uk/ShareChat.html?ShareTicker=SYN&thread=27C5C7AB-9D1B-4CED-9335-E3449B867012,0,1.0,hamming<=6;jaccard>=0.82,conservative thresholds satisfied
MERGE_NEAR_DUP,https://www.lse.co.uk/ShareChat.html?ShareTicker=SYN&thread=7C0403D9-A368-4A92-B03B-50328C5E23AF,https://www.lse.co.uk/ShareChat.html?ShareTicker=SYN&thread=654756FF-7D7D-4A54-9E1A-A306CB4A381C,0,1.0,hamming<=6;jaccard>=0.82,conservative thresholds satisfied
MERGE_NEAR_DUP,https://www.lse.co.uk/ShareChat.html?ShareTicker=SYN&thread=7C0403D9-A368-4A92-B03B-50328C5E23AF,https://www.lse.co.uk/ShareChat.html?ShareTicker=SYN&thread=A116820B-33AF-46DC-8FCA-6634AA49BF5B,0,1.0,hamming<=6;jaccard>=0.82,conservative thresholds satisfied
MERGE_NEAR_DUP,https://www.lse.co.uk/ShareChat.html?ShareTicker=SYN&thread=7C0403D9-A368-4A92-B03B-50328C5E23AF,https://www.lse.co.uk/ShareChat.html?ShareTicker=SYN&thread=F39998C0-2936-476D-9D17-71A4E00F3E44,0,1.0,hamming<=6;jaccard>=0.82,conservative thresholds satisfied
MERGE_NEAR_DUP,https://www.wku.edu/cit/,https://www.wku.edu/cit/,0,1.0,hamming<=6;jaccard>=0.82,conservative thresholds satisfied
REJECT_HAMMING,https://www.linkedin.com/advice/0/what-some-latest-trends-innovations-vpn-technology-services,https://www.fedscoop.com/ann-lewis-director-of-gsas-technology-transformation-services/,28,0.0,hamming<=6;jaccard>=0.82,SimHash distance above 6/64
REJECT_HAMMING,https://www.benzinga.com/pressreleases/23/04/b31726669/synoptek-appoints-ian-au-yeung-as-chief-revenue-officer,https://www.benzinga.com/pressreleases/23/06/tr32862620/flsmidth-to-sell-non-core-activities-material-handling-technology-assets-to-koch-solutions-and-ac,17,0.0,hamming<=6;jaccard>=0.82,SimHash distance above 6/64
REJECT_HAMMING,https://www.benzinga.com/pressreleases/23/04/b31726669/synoptek-appoints-ian-au-yeung-as-chief-revenue-officer,https://www.benzinga.com/pressreleases/23/06/tr32862620/flsmidth-to-sell-non-core-activities-material-handling-technology-assets-to-koch-solutions-and-ac,17,0.0,hamming<=6;jaccard>=0.82,SimHash distance above 6/64
MERGE_NEAR_DUP,https://www.buffalo.edu/administrative-services/managing-procurement/commonly-purchased-goods/information-technology.html,https://www.buffalo.edu/administrative-services/managing-procurement/commonly-purchased-goods/information-technology.html,0,1.0,hamming<=6;jaccard>=0.82,conservative thresholds satisfied
MERGE_NEAR_DUP,https://www.buffalo.edu/administrative-services/managing-procurement/commonly-purchased-goods/information-technology.html,https://www.buffalo.edu/administrative-services/managing-procurement/commonly-purchased-goods/information-technology.html,0,1.0,hamming<=6;jaccard>=0.82,conservative thresholds satisfied
MERGE_NEAR_DUP,https://www.buffalo.edu/administrative-services/managing-procurement/commonly-purchased-goods/information-technology.html,https://www.buffalo.edu/administrative-services/managing-procurement/commonly-purchased-goods/information-technology.html,0,1.0,hamming<=6;jaccard>=0.82,conservative thresholds satisfied
MERGE_NEAR_DUP,https://www.enr.com/topics/588-information-technology,https://www.enr.com/topics/588-information-technology,0,1.0,hamming<=6;jaccard>=0.82,conservative thresholds satisfied
MERGE_NEAR_DUP,https://www.enr.com/topics/588-information-technology,https://www.enr.com/topics/588-information-technology,0,1.0,hamming<=6;jaccard>=0.82,conservative thresholds satisfied
MERGE_NEAR_DUP,https://www.forbes.com/advisor/business/software/best-email-hosting-services/,https://www.forbes.com/advisor/business/software/best-email-hosting-services/,0,1.0,hamming<=6;jaccard>=0.82,conservative thresholds satisfied
REJECT_HAMMING,https://markets.businessinsider.com/news/stocks/infosys-launches-the-live-operations-platform-in-collaboration-with-servicenow-to-boost-customer-experience-for-telecom-providers-1032257310,https://www.msn.com/en-us/lifestyle/other/sony-is-gearing-up-for-a-new-cloud-gaming-push-amid-rumors-of-a-playstation-handheld/ar-AA19Jqtq,23,0.0,hamming<=6;jaccard>=0.82,SimHash distance above 6/64
REJECT_HAMMING,https://wfin.com/fox-health-news/wearable-fitness-trackers-with-sensing-technology-could-interfere-with-implantable-cardiac-devices-study/,http://en.kremlin.ru/acts/news/72291,24,0.0,hamming<=6;jaccard>=0.82,SimHash distance above 6/64
MERGE_NEAR_DUP,https://news.webindia123.com/news/articles/Business/20221203/4010441.html,https://news.webindia123.com/news/articles/Business/20221203/4010441.html,0,1.0,hamming<=6;jaccard>=0.82,conservative thresholds satisfied
MERGE_NEAR_DUP,https://news.webindia123.com/news/articles/Business/20221203/4010441.html,https://news.webindia123.com/news/articles/Business/20221203/4010441.html,0,1.0,hamming<=6;jaccard>=0.82,conservative thresholds satisfied
MERGE_NEAR_DUP,https://archive.org/details/isbn_0964838214,https://archive.org/details/31761119696524,0,1.0,hamming<=6;jaccard>=0.82,conservative thresholds satisfied
MERGE_NEAR_DUP,https://timesofindia.indiatimes.com/business/india-business/alten-acquires-accord-global-technology-solutions-an-engineering-services-company-based-out-of-india/articleshow/102338504.cms,https://timesofindia.indiatimes.com/business/india-business/alten-acquires-accord-global-technology-solutions-an-engineering-services-company-based-out-of-india/articleshow/102338504.cms,0,1.0,hamming<=6;jaccard>=0.82,conservative thresholds satisfied
MERGE_NEAR_DUP,https://www.buffalo.edu/administrative-services/managing-procurement/commonly-purchased-goods/information-technology.html,https://www.buffalo.edu/administrative-services/managing-procurement/commonly-purchased-goods/information-technology.html,0,1.0,hamming<=6;jaccard>=0.82,conservative thresholds satisfied
MERGE_NEAR_DUP,https://www.buffalo.edu/administrative-services/managing-procurement/commonly-purchased-goods/information-technology.html,https://www.buffalo.edu/administrative-services/managing-procurement/commonly-purchased-goods/information-technology.html,0,1.0,hamming<=6;jaccard>=0.82,conservative thresholds satisfied
REJECT_HAMMING,https://www.avnetwork.com/news/k2-joins-salas-obrien-expanding-technology-and-acoustic-design-services,https://indianexpress.com/article/technology/artificial-intelligence/amazon-has-drawn-thousands-to-try-its-ai-service-competing-with-microsoft-google-8862614/,19,0.0,hamming<=6;jaccard>=0.82,SimHash distance above 6/64
REJECT_HAMMING,https://www.avnetwork.com/news/k2-joins-salas-obrien-expanding-technology-and-acoustic-design-services,https://indianexpress.com/article/technology/artificial-intelligence/amazon-has-drawn-thousands-to-try-its-ai-service-competing-with-microsoft-google-8862614/,19,0.0,hamming<=6;jaccard>=0.82,SimHash distance above 6/64
MERGE_NEAR_DUP,https://www.coloradocollege.edu/offices/mail/student-information/index.html,https://www.coloradocollege.edu/offices/mail/student-information/index.html,0,1.0,hamming<=6;jaccard>=0.82,conservative thresholds satisfied
REJECT_HAMMING,https://www.benzinga.com/pressreleases/23/06/g32813317/applied-digital-announces-successful-integrated-systems-test-at-jamestown-north-dakota-facility-fo,https://slator.com/how-many-language-service-providers-have-piloted-chatgpt-workflows/,26,0.0,hamming<=6;jaccard>=0.82,SimHash distance above 6/64
MERGE_NEAR_DUP,https://uk.finance.yahoo.com/news/stewart-information-services-corporation-announces-204500612.html,https://uk.finance.yahoo.com/news/stewart-information-services-corporation-announces-204500612.html,0,1.0,hamming<=6;jaccard>=0.82,conservative thresholds satisfied
MERGE_NEAR_DUP,https://www.chronicle.com/article/how-data-and-technology-can-improve-advising-and-equity,https://www.chronicle.com/article/how-data-and-technology-can-improve-advising-and-equity,0,1.0,hamming<=6;jaccard>=0.82,conservative thresholds satisfied
MERGE_NEAR_DUP,https://www.chronicle.com/article/how-data-and-technology-can-improve-advising-and-equity,https://www.chronicle.com/article/how-data-and-technology-can-improve-advising-and-equity,0,1.0,hamming<=6;jaccard>=0.82,conservative thresholds satisfied
MERGE_NEAR_DUP,https://www.mvtimes.com/2023/02/16/ssa-look-information-technology-consultant/,https://www.mvtimes.com/2023/02/16/ssa-look-information-technology-consultant/,0,1.0,hamming<=6;jaccard>=0.82,conservative thresholds satisfied
REJECT_HAMMING,https://www.mvtimes.com/2023/02/16/ssa-look-information-technology-consultant/,https://www.reuters.com/technology/amazon-has-drawn-thousands-try-its-ai-service-competing-with-microsoft-google-2023-07-26/,25,0.0,hamming<=6;jaccard>=0.82,SimHash distance above 6/64
MERGE_NEAR_DUP,https://www.mvtimes.com/2023/02/16/ssa-look-information-technology-consultant/,https://www.mvtimes.com/2023/02/16/ssa-look-information-technology-consultant/,0,1.0,hamming<=6;jaccard>=0.82,conservative thresholds satisfied
REJECT_HAMMING,https://www.technologyreview.com/2023/03/09/1069546/asia-spurs-transparency-and-digital-economy-growth/,https://www.joplinglobe.com/region/national_business/crisp-acquires-integral-group-to-expand-supply-chain-visibility-with-edi-data-and-retail-integrations/article_c5151471-958c-5ad1-89b5-8cde1fccf769.html,26,0.0,hamming<=6;jaccard>=0.82,SimHash distance above 6/64
REJECT_HAMMING,https://www.marketwatch.com/press-release/talent-acquisition-and-staffing-technology-and-services-market-facts-and-figures-by-2031-2023-04-08,https://accesswdun.com/article/2023/9/1205387,20,0.0,hamming<=6;jaccard>=0.82,SimHash distance above 6/64
REJECT_HAMMING,https://www.marketwatch.com/press-release/talent-acquisition-and-staffing-technology-and-services-market-facts-and-figures-by-2031-2023-04-08,https://seekingalpha.com/article/4593865-selected-information-technology-stocks-ranked-by-value,17,0.0,hamming<=6;jaccard>=0.82,SimHash distance above 6/64
REJECT_HAMMING,https://www.marketwatch.com/press-release/talent-acquisition-and-staffing-technology-and-services-market-facts-and-figures-by-2031-2023-04-08,https://seekingalpha.com/article/4593865-selected-information-technology-stocks-ranked-by-value,17,0.0,hamming<=6;jaccard>=0.82,SimHash distance above 6/64
REJECT_HAMMING,https://indianexpress.com/article/technology/tech-news-technology/onedrive-office-365-down-microsoft-apps-suffer-major-outage-8357105/,https://apnews.com/article/faa-airplanes-close-calls-technology-49435f599a50c9cbc687c591e2a42939,24,0.0,hamming<=6;jaccard>=0.82,SimHash distance above 6/64
MERGE_NEAR_DUP,https://indianexpress.com/article/technology/tech-news-technology/onedrive-office-365-down-microsoft-apps-suffer-major-outage-8357105/,https://indianexpress.com/article/technology/tech-news-technology/onedrive-office-365-down-microsoft-apps-suffer-major-outage-8357105/,0,1.0,hamming<=6;jaccard>=0.82,conservative thresholds satisfied
REJECT_HAMMING,https://indianexpress.com/article/technology/tech-news-technology/onedrive-office-365-down-microsoft-apps-suffer-major-outage-8357105/,https://apnews.com/article/faa-airplanes-close-calls-technology-49435f599a50c9cbc687c591e2a42939,24,0.0,hamming<=6;jaccard>=0.82,SimHash distance above 6/64
MERGE_NEAR_DUP,https://www.adb.org/news/adb-supports-development-science-and-technology-parks-indonesia,https://www.adb.org/news/adb-supports-development-science-and-technology-parks-indonesia,0,1.0,hamming<=6;jaccard>=0.82,conservative thresholds satisfied
REJECT_HAMMING,https://dallasinnovates.com/tyler-technologies-acquires-computing-system-innovations-bolstering-its-ai-powered-portfolio-for-the-public-sector/,https://finance.yahoo.com/news/stewart-information-services-corporation-appoints-203000702.html,21,0.0,hamming<=6;jaccard>=0.82,SimHash distance above 6/64
MERGE_NEAR_DUP,https://www.ridgecrestca.com/news/amazon-web-services-scholarship-increase-to-cccc-students-pursuing-degree-in-information-technology-and-cybersecurity/article_677b51c4-920d-11ed-87c7-cf42289eee34.html,https://www.ridgecrestca.com/news/amazon-web-services-scholarship-increase-to-cccc-students-pursuing-degree-in-information-technology-and-cybersecurity/article_677b51c4-920d-11ed-87c7-cf42289eee34.html,0,1.0,hamming<=6;jaccard>=0.82,conservative thresholds satisfied
MERGE_NEAR_DUP,https://www.ridgecrestca.com/news/amazon-web-services-scholarship-increase-to-cccc-students-pursuing-degree-in-information-technology-and-cybersecurity/article_677b51c4-920d-11ed-87c7-cf42289eee34.html,https://www.ridgecrestca.com/news/amazon-web-services-scholarship-increase-to-cccc-students-pursuing-degree-in-information-technology-and-cybersecurity/article_677b51c4-920d-11ed-87c7-cf42289eee34.html,0,1.0,hamming<=6;jaccard>=0.82,conservative thresholds satisfied
REJECT_HAMMING,https://www.sidneydailynews.com/2023/02/23/information-technology-department-has-successful-year/,https://www.businesswire.com/news/home/20230817262867/en/,27,0.0,hamming<=6;jaccard>=0.82,SimHash distance above 6/64
REJECT_HAMMING,https://www.sidneydailynews.com/2023/02/23/information-technology-department-has-successful-year/,https://www.businesswire.com/news/home/20230817262867/en/,27,0.0,hamming<=6;jaccard>=0.82,SimHash distance above 6/64
MERGE_NEAR_DUP,https://www.unesco.org/en/gender-equality/education/stem,https://www.unesco.org/en/gender-equality/education/stem,0,1.0,hamming<=6;jaccard>=0.82,conservative thresholds satisfied
MERGE_NEAR_DUP,https://www.indianweb2.com/2023/03/l-technology-services-and-ansys-set-up.html,https://www.indianweb2.com/2023/03/l-technology-services-and-ansys-set-up.html,0,1.0,hamming<=6;jaccard>=0.82,conservative thresholds satisfied
REJECT_HAMMING,https://finance.yahoo.com/news/only-four-days-left-cash-121328561.html,https://www.tmcnet.com/usubmit/2023/09/13/9879873.htm,23,0.0,hamming<=6;jaccard>=0.82,SimHash distance above 6/64
REJECT_HAMMING,https://finance.yahoo.com/news/only-four-days-left-cash-121328561.html,https://www.tmcnet.com/usubmit/2023/09/13/9879873.htm,23,0.0,hamming<=6;jaccard>=0.82,SimHash distance above 6/64
MERGE_NEAR_DUP,https://www.nasdaq.com/articles/fidelity-national-information-services-q2-earnings-summary,https://www.nasdaq.com/articles/fidelity-national-information-services-q2-earnings-summary,0,1.0,hamming<=6;jaccard>=0.82,conservative thresholds satisfied
MERGE_NEAR_DUP,https://www.nasdaq.com/articles/fidelity-national-information-services-q2-earnings-summary,https://www.nasdaq.com/articles/fidelity-national-information-services-q2-earnings-summary,0,1.0,hamming<=6;jaccard>=0.82,conservative thresholds satisfied
MERGE_NEAR_DUP,https://www.capella.edu/blog/information-technology/6-blogs-for-it-professionals/,https://www.capella.edu/blog/information-technology/6-blogs-for-it-professionals/,0,1.0,hamming<=6;jaccard>=0.82,conservative thresholds satisfied
REJECT_HAMMING,https://www.federalregister.gov/documents/2023/07/20/2023-15432/request-for-information-on-equitable-delivery-of-climate-services,https://www.victoriaadvocate.com/marine-products-corporation-to-participate-in-the-baird-2023-global-consumer-technology-and-services-conference/article_6aaf4e0f-5f7d-5793-ace4-fa1808ba9280.html,22,0.0,hamming<=6;jaccard>=0.82,SimHash distance above 6/64
MERGE_NEAR_DUP,https://www.federalregister.gov/documents/2023/07/20/2023-15432/request-for-information-on-equitable-delivery-of-climate-services,https://www.federalregister.gov/documents/2023/07/20/2023-15432/request-for-information-on-equitable-delivery-of-climate-services,0,1.0,hamming<=6;jaccard>=0.82,conservative thresholds satisfied
MERGE_NEAR_DUP,https://www.federalregister.gov/documents/2023/07/20/2023-15432/request-for-information-on-equitable-delivery-of-climate-services,https://www.federalregister.gov/documents/2007/03/02/07-951/information-technology-and-telecommunications-guidelines-for-federal-telework-and-other-alternative,0,1.0,hamming<=6;jaccard>=0.82,conservative thresholds satisfied
MERGE_NEAR_DUP,https://www.federalregister.gov/documents/2023/07/20/2023-15432/request-for-information-on-equitable-delivery-of-climate-services,https://www.federalregister.gov/documents/2023/06/16/2023-12925/securing-the-information-and-communications-technology-and-services-supply-chain-connected-software,0,1.0,hamming<=6;jaccard>=0.82,conservative thresholds satisfied
MERGE_NEAR_DUP,https://www.federalregister.gov/documents/2023/07/20/2023-15432/request-for-information-on-equitable-delivery-of-climate-services,https://www.federalregister.gov/documents/2007/03/02/07-951/information-technology-and-telecommunications-guidelines-for-federal-telework-and-other-alternative,0,1.0,hamming<=6;jaccard>=0.82,conservative thresholds satisfied
MERGE_NEAR_DUP,https://www.federalregister.gov/documents/2023/07/20/2023-15432/request-for-information-on-equitable-delivery-of-climate-services,https://www.federalregister.gov/documents/2023/06/16/2023-12925/securing-the-information-and-communications-technology-and-services-supply-chain-connected-software,0,1.0,hamming<=6;jaccard>=0.82,conservative thresholds satisfied
MERGE_NEAR_DUP,https://www.firstpost.com/india/india-wants-ban-on-117-gaming-dating-loan-apps-from-google-play-for-thieving-data-for-china-nigeria-12378932.html,https://www.firstpost.com/india/india-wants-ban-on-117-gaming-dating-loan-apps-from-google-play-for-thieving-data-for-china-nigeria-12378932.html,0,1.0,hamming<=6;jaccard>=0.82,conservative thresholds satisfied
REJECT_HAMMING,https://www.firstpost.com/india/india-wants-ban-on-117-gaming-dating-loan-apps-from-google-play-for-thieving-data-for-china-nigeria-12378932.html,https://www.aol.com/news/san-francisco-kenyas-president-woos-194646898.html,28,0.0,hamming<=6;jaccard>=0.82,SimHash distance above 6/64
MERGE_NEAR_DUP,https://seekingalpha.com/article/4617601-fidelity-national-information-services-painful-roundtrip-for-worldpay,https://seekingalpha.com/article/4617601-fidelity-national-information-services-painful-roundtrip-for-worldpay,0,1.0,hamming<=6;jaccard>=0.82,conservative thresholds satisfied
MERGE_NEAR_DUP,https://www.linkedin.com/pulse/talent-acquisition-staffing-technology-services,https://www.linkedin.com/pulse/talent-acquisition-staffing-technology-services,0,1.0,hamming<=6;jaccard>=0.82,conservative thresholds satisfied
MERGE_NEAR_DUP,https://www.linkedin.com/pulse/talent-acquisition-staffing-technology-services,https://www.linkedin.com/pulse/talent-acquisition-staffing-technology-services,0,1.0,hamming<=6;jaccard>=0.82,conservative thresholds satisfied
MERGE_NEAR_DUP,https://economictimes.indiatimes.com/markets/stocks/news/lt-technology-services-bullish-to-sideways/articleshow/101813356.cms,https://economictimes.indiatimes.com/markets/stocks/news/lt-technology-services-bullish-to-sideways/articleshow/101813356.cms,0,1.0,hamming<=6;jaccard>=0.82,conservative thresholds satisfied
MERGE_NEAR_DUP,https://news.un.org/en/tags/information-technology,https://news.un.org/en/tags/information-technology,0,1.0,hamming<=6;jaccard>=0.82,conservative thresholds satisfied
MERGE_NEAR_DUP,https://executivegov.com/2023/05/gsa-requests-information-on-spectrum-warfare-rapid-technology-augmentation/,https://executivegov.com/2023/05/gsa-requests-information-on-spectrum-warfare-rapid-technology-augmentation/,0,1.0,hamming<=6;jaccard>=0.82,conservative thresholds satisfied
REJECT_HAMMING,https://www.bizjournals.com/seattle/news/2023/04/19/tyemill-acquired-syntax-seattle-new-york.html,https://www.nasdaq.com/articles/evernorth-health-services-buys-bright.md-technology-platform,20,0.0,hamming<=6;jaccard>=0.82,SimHash distance above 6/64
REJECT_HAMMING,https://www.bizjournals.com/seattle/news/2023/04/19/tyemill-acquired-syntax-seattle-new-york.html,https://www.nasdaq.com/articles/evernorth-health-services-buys-bright.md-technology-platform,20,0.0,hamming<=6;jaccard>=0.82,SimHash distance above 6/64
MERGE_NEAR_DUP,https://www.pcworld.com/article/823826/best-cloud-gaming-services.html,https://www.pcworld.com/article/823826/best-cloud-gaming-services.html,0,1.0,hamming<=6;jaccard>=0.82,conservative thresholds satisfied
MERGE_NEAR_DUP,https://www.pcworld.com/article/823826/best-cloud-gaming-services.html,https://www.pcworld.com/article/823826/best-cloud-gaming-services.html,0,1.0,hamming<=6;jaccard>=0.82,conservative thresholds satisfied
MERGE_NEAR_DUP,https://www.nasdaq.com/articles/thursday-sector-laggards:-services-technology-communications-0,https://www.nasdaq.com/articles/thursday-sector-laggards:-services-technology-communications-0,0,1.0,hamming<=6;jaccard>=0.82,conservative thresholds satisfied
MERGE_NEAR_DUP,https://www.ou.edu/adrc/resources/policies/eit-policy,https://www.ou.edu/adrc/resources/policies/eit-policy,0,1.0,hamming<=6;jaccard>=0.82,conservative thresholds satisfied
MERGE_NEAR_DUP,https://www.lse.co.uk/ShareChat.asp?ShareTicker=SYN&thread=29D319F6-2559-4514-A6F4-898ADC9172D1,https://www.lse.co.uk/ShareChat.html?ShareTicker=SYN&thread=27C5C7AB-9D1B-4CED-9335-E3449B867012,0,1.0,hamming<=6;jaccard>=0.82,conservative thresholds satisfied
MERGE_NEAR_DUP,https://www.lse.co.uk/ShareChat.asp?ShareTicker=SYN&thread=29D319F6-2559-4514-A6F4-898ADC9172D1,https://www.lse.co.uk/ShareChat.html?ShareTicker=SYN&thread=654756FF-7D7D-4A54-9E1A-A306CB4A381C,0,1.0,hamming<=6;jaccard>=0.82,conservative thresholds satisfied
MERGE_NEAR_DUP,https://www.lse.co.uk/ShareChat.asp?ShareTicker=SYN&thread=29D319F6-2559-4514-A6F4-898ADC9172D1,https://www.lse.co.uk/ShareChat.html?ShareTicker=SYN&thread=A116820B-33AF-46DC-8FCA-6634AA49BF5B,0,1.0,hamming<=6;jaccard>=0.82,conservative thresholds satisfied
MERGE_NEAR_DUP,https://www.lse.co.uk/ShareChat.asp?ShareTicker=SYN&thread=29D319F6-2559-4514-A6F4-898ADC9172D1,https://www.lse.co.uk/ShareChat.html?ShareTicker=SYN&thread=F39998C0-2936-476D-9D17-71A4E00F3E44,0,1.0,hamming<=6;jaccard>=0.82,conservative thresholds satisfied
MERGE_NEAR_DUP,https://www.pennlive.com/news/2023/07/shapiro-taps-comcast-executive-as-administrations-information-technology-chief.html,https://www.pennlive.com/news/2023/07/shapiro-taps-comcast-executive-as-administrations-information-technology-chief.html,0,1.0,hamming<=6;jaccard>=0.82,conservative thresholds satisfied
MERGE_NEAR_DUP,https://www.pennlive.com/news/2023/07/shapiro-taps-comcast-executive-as-administrations-information-technology-chief.html,https://www.pennlive.com/news/2023/07/shapiro-taps-comcast-executive-as-administrations-information-technology-chief.html,0,1.0,hamming<=6;jaccard>=0.82,conservative thresholds satisfied
MERGE_NEAR_DUP,https://www.lse.co.uk/ShareChat.html?ShareTicker=SYN&thread=27C5C7AB-9D1B-4CED-9335-E3449B867012,https://www.lse.co.uk/ShareChat.html?ShareTicker=SYN&thread=654756FF-7D7D-4A54-9E1A-A306CB4A381C,0,1.0,hamming<=6;jaccard>=0.82,conservative thresholds satisfied
MERGE_NEAR_DUP,https://www.lse.co.uk/ShareChat.html?ShareTicker=SYN&thread=27C5C7AB-9D1B-4CED-9335-E3449B867012,https://www.lse.co.uk/ShareChat.html?ShareTicker=SYN&thread=A116820B-33AF-46DC-8FCA-6634AA49BF5B,0,1.0,hamming<=6;jaccard>=0.82,conservative thresholds satisfied
MERGE_NEAR_DUP,https://www.lse.co.uk/ShareChat.html?ShareTicker=SYN&thread=27C5C7AB-9D1B-4CED-9335-E3449B867012,https://www.lse.co.uk/ShareChat.html?ShareTicker=SYN&thread=F39998C0-2936-476D-9D17-71A4E00F3E44,0,1.0,hamming<=6;jaccard>=0.82,conservative thresholds satisfied
REJECT_HAMMING,https://www.tmcnet.com/usubmit/-ai-integrated-virtual-try-on-customer-centric-solution-/2023/08/29/9871185.htm,https://www.msn.com/en-us/money/companies/osi-systems-receives-24m-in-orders-for-cargo-and-vehicle-inspection-systems-and-services/ar-AA1imln5,21,0.0,hamming<=6;jaccard>=0.82,SimHash distance above 6/64
MERGE_NEAR_DUP,https://www.linkedin.com/pulse/healthcare-information-technology-software,https://www.linkedin.com/pulse/healthcare-information-technology-software,0,1.0,hamming<=6;jaccard>=0.82,conservative thresholds satisfied
REJECT_HAMMING,https://global.chinadaily.com.cn/a/202307/17/WS64b41ef4a31035260b816afc.html?bingParse,https://www.theeducatoronline.com/k12/white-papers/free-whitepaper-education-and-technology/282830,26,0.0,hamming<=6;jaccard>=0.82,SimHash distance above 6/64
REJECT_HAMMING,https://www.automationworld.com/process/sensors/article/33010104/how-process-sensors-are-playing-more-intelligent-roles,https://www.nextgov.com/digital-government/2023/09/data-silos-threaten-innovation-key-sectors-new-report-warns/390605/,27,0.0,hamming<=6;jaccard>=0.82,SimHash distance above 6/64
REJECT_HAMMING,https://technews.tmcnet.com/news/2023/07/26/9854808.htm,https://executivegov.com/2023/04/dod-requests-commercial-tech-ideas-for-countering-multi-domain-uncrewed-systems/,23,0.0,hamming<=6;jaccard>=0.82,SimHash distance above 6/64
MERGE_NEAR_DUP,https://www.nasdaq.com/articles/information-services-group-iii-declares-$0.04-dividend-0,https://www.nasdaq.com/articles/information-services-group-iii-declares-$0.04-dividend-0,0,1.0,hamming<=6;jaccard>=0.82,conservative thresholds satisfied
MERGE_NEAR_DUP,https://www.lse.co.uk/ShareChat.html?ShareTicker=SYN&thread=654756FF-7D7D-4A54-9E1A-A306CB4A381C,https://www.lse.co.uk/ShareChat.html?ShareTicker=SYN&thread=A116820B-33AF-46DC-8FCA-6634AA49BF5B,0,1.0,hamming<=6;jaccard>=0.82,conservative thresholds satisfied
MERGE_NEAR_DUP,https://www.lse.co.uk/ShareChat.html?ShareTicker=SYN&thread=654756FF-7D7D-4A54-9E1A-A306CB4A381C,https://www.lse.co.uk/ShareChat.html?ShareTicker=SYN&thread=F39998C0-2936-476D-9D17-71A4E00F3E44,0,1.0,hamming<=6;jaccard>=0.82,conservative thresholds satisfied
MERGE_NEAR_DUP,https://www.pressrepublican.com/opinion/technology-and-society-a-double-edged-sword/article_8e7489c6-8c95-11ed-8225-7772703b7980.html,https://www.pressrepublican.com/opinion/technology-and-society-a-double-edged-sword/article_8e7489c6-8c95-11ed-8225-7772703b7980.html,0,1.0,hamming<=6;jaccard>=0.82,conservative thresholds satisfied
MERGE_NEAR_DUP,https://www.nasdaq.com/articles/stephens-co.-maintains-fidelity-national-information-services-fis-overweight,https://www.nasdaq.com/articles/stephens-co.-maintains-fidelity-national-information-services-fis-overweight,0,1.0,hamming<=6;jaccard>=0.82,conservative thresholds satisfied
REJECT_HAMMING,https://au.news.yahoo.com/information-services-group-nasdaq-iii-100744054.html,https://www.tmcnet.com/usubmit/-teledyne-aces-cab-air-monitoring-system-wins-crystal-/2023/06/08/9829589.htm,18,0.0,hamming<=6;jaccard>=0.82,SimHash distance above 6/64
MERGE_NEAR_DUP,https://au.news.yahoo.com/information-services-group-nasdaq-iii-100744054.html,https://au.news.yahoo.com/information-services-group-nasdaq-iii-100744054.html,0,1.0,hamming<=6;jaccard>=0.82,conservative thresholds satisfied
MERGE_NEAR_DUP,https://au.news.yahoo.com/information-services-group-nasdaq-iii-100744054.html,https://au.news.yahoo.com/information-services-group-nasdaq-iii-100744054.html,0,1.0,hamming<=6;jaccard>=0.82,conservative thresholds satisfied
REJECT_HAMMING,https://www.benzinga.com/pressreleases/23/05/n32661712/spectros-medical-devices-pioneers-tissue-monitoring-technology,https://www.tmcnet.com/usubmit/-synergy-healthcare-services-addresses-data-privacy-incident-/2023/08/31/9873539.htm,26,0.0,hamming<=6;jaccard>=0.82,SimHash distance above 6/64
REJECT_HAMMING,https://markets.businessinsider.com/news/stocks/servicenow-inc-poised-for-solid-3q-results-amid-robust-execution-and-diverse-vertical-exposure-a-buy-recommendation-1032718258,https://www.benzinga.com/tech/23/10/35519593/talkberry-poised-to-revolutionize-english-learning-using-generative-ai,22,0.0,hamming<=6;jaccard>=0.82,SimHash distance above 6/64
MERGE_NEAR_DUP,https://www.globalbankingandfinance.com/technology-and-regulation-must-go-hand-in-hand-for-financial-services/,https://www.globalbankingandfinance.com/technology-and-regulation-must-go-hand-in-hand-for-financial-services/,0,1.0,hamming<=6;jaccard>=0.82,conservative thresholds satisfied
MERGE_NEAR_DUP,https://www.ohio.edu/news/2023/06/summer-semester-start-technology-message-provides-helpful-information-ohio-instructors,https://www.ohio.edu/news/2023/06/summer-semester-start-technology-message-provides-helpful-information-ohio-instructors,0,1.0,hamming<=6;jaccard>=0.82,conservative thresholds satisfied
MERGE_NEAR_DUP,https://www.ohio.edu/news/2023/06/summer-semester-start-technology-message-provides-helpful-information-ohio-instructors,https://www.ohio.edu/news/2023/06/summer-semester-start-technology-message-provides-helpful-information-ohio-instructors,0,1.0,hamming<=6;jaccard>=0.82,conservative thresholds satisfied
REJECT_HAMMING,https://www.tmcnet.com/usubmit/2023/10/30/9907506.htm,https://www.fmiblog.com/2023/02/17/cloud-communication-platform-market-innovations-technology-growth-and-research-2030/,30,0.0,hamming<=6;jaccard>=0.82,SimHash distance above 6/64
MERGE_NEAR_DUP,https://www.jagranjosh.com/articles/rajasthan-board-rbse-class-10th-information-technology-syllabus-download-pdf-1672057780-1,https://www.jagranjosh.com/articles/rajasthan-board-rbse-class-10th-information-technology-syllabus-download-pdf-1672057780-1,0,1.0,hamming<=6;jaccard>=0.82,conservative thresholds satisfied
MERGE_NEAR_DUP,https://www.jagranjosh.com/articles/rajasthan-board-rbse-class-10th-information-technology-syllabus-download-pdf-1672057780-1,https://www.jagranjosh.com/articles/rajasthan-board-rbse-class-10th-information-technology-syllabus-download-pdf-1672057780-1,0,1.0,hamming<=6;jaccard>=0.82,conservative thresholds satisfied
REJECT_HAMMING,https://markets.businessinsider.com/news/stocks/blue-solutions-and-foxconn-collaborate-on-tomorrow-s-solid-state-battery-1032724287,https://wkkg.com/local-news/dangerous-heat-continues-with-110-degree-indexes-possible/,23,0.0,hamming<=6;jaccard>=0.82,SimHash distance above 6/64
MERGE_NEAR_DUP,https://www.lse.co.uk/ShareChat.html?ShareTicker=SYN&thread=A116820B-33AF-46DC-8FCA-6634AA49BF5B,https://www.lse.co.uk/ShareChat.html?ShareTicker=SYN&thread=F39998C0-2936-476D-9D17-71A4E00F3E44,0,1.0,hamming<=6;jaccard>=0.82,conservative thresholds satisfied
MERGE_NEAR_DUP,https://tech.hindustantimes.com/web-stories/information-technology-and-its-benefits-71685636690127.html,https://tech.hindustantimes.com/web-stories/information-technology-and-its-benefits-71685636690127.html,0,1.0,hamming<=6;jaccard>=0.82,conservative thresholds satisfied
REJECT_HAMMING,https://www.rcmp-grc.gc.ca/ccaps-spcca/vic-eng.htm,https://www.tampabay.com/news/tampa/2023/08/01/need-housing-information-tampa-launches-tenant-services-team-help/,23,0.0,hamming<=6;jaccard>=0.82,SimHash distance above 6/64
REJECT_HAMMING,https://www.rcmp-grc.gc.ca/ccaps-spcca/vic-eng.htm,https://www.tampabay.com/news/tampa/2023/08/01/need-housing-information-tampa-launches-tenant-services-team-help/,23,0.0,hamming<=6;jaccard>=0.82,SimHash distance above 6/64
MERGE_NEAR_DUP,https://www.govconwire.com/2023/04/christina-mee-appointed-mission-services-vp-at-insight-technology-solutions/,https://www.govconwire.com/2023/04/christina-mee-appointed-mission-services-vp-at-insight-technology-solutions/,0,1.0,hamming<=6;jaccard>=0.82,conservative thresholds satisfied
MERGE_NEAR_DUP,https://www.govconwire.com/2023/04/dla-opens-solicitation-for-follow-on-enterprise-technology-services-contract/,https://www.govconwire.com/2023/04/dla-opens-solicitation-for-follow-on-enterprise-technology-services-contract/,0,1.0,hamming<=6;jaccard>=0.82,conservative thresholds satisfied
MERGE_NEAR_DUP,https://www.govconwire.com/2023/04/dla-opens-solicitation-for-follow-on-enterprise-technology-services-contract/,https://www.govconwire.com/2023/04/dla-opens-solicitation-for-follow-on-enterprise-technology-services-contract/,0,1.0,hamming<=6;jaccard>=0.82,conservative thresholds satisfied
MERGE_NEAR_DUP,https://www.businesswire.com/news/home/20230608005701/en/,https://www.businesswire.com/news/home/20230608005701/en/,0,1.0,hamming<=6;jaccard>=0.82,conservative thresholds satisfied
MERGE_NEAR_DUP,https://www.businesswire.com/news/home/20230608005701/en/,https://www.businesswire.com/news/home/20230608005701/en/,0,1.0,hamming<=6;jaccard>=0.82,conservative thresholds satisfied
REJECT_HAMMING,https://statetechmagazine.com/article/2023/04/servicenow-drives-improvements-municipal-it-service-management,https://www.times-standard.com/2023/09/06/high-tech-california-struggles-to-use-technology-managing-state-government/,23,0.0,hamming<=6;jaccard>=0.82,SimHash distance above 6/64
MERGE_NEAR_DUP,https://www.gu.se/en/study-gothenburg/international-masters-programme-in-information-technology-and-learning-s2itl,https://www.gu.se/en/study-gothenburg/international-masters-programme-in-information-technology-and-learning-s2itl,0,1.0,hamming<=6;jaccard>=0.82,conservative thresholds satisfied
REJECT_HAMMING,https://www.gasworld.com/topics/technology/information-technology/,https://www.pharmaceutical-technology.com/sponsored/how-competitors-are-collaborating-to-shape-biopharma-best-practices-and-regulations-of-the-future/,27,0.0,hamming<=6;jaccard>=0.82,SimHash distance above 6/64
REJECT_HAMMING,https://www.insidermonkey.com/blog/top-5-information-technology-countries-in-the-world-1147237/,https://www.msn.com/en-in/money/topstories/govt-to-launch-digital-india-innovation-fund-for-deep-tech-startups/ar-AA15PHap,25,0.0,hamming<=6;jaccard>=0.82,SimHash distance above 6/64
MERGE_NEAR_DUP,https://www.insidermonkey.com/blog/top-5-information-technology-countries-in-the-world-1147237/,https://www.insidermonkey.com/blog/top-5-information-technology-countries-in-the-world-1147237/,0,1.0,hamming<=6;jaccard>=0.82,conservative thresholds satisfied
MERGE_NEAR_DUP,https://www.insidermonkey.com/blog/top-5-information-technology-countries-in-the-world-1147237/,https://www.insidermonkey.com/blog/top-5-information-technology-countries-in-the-world-1147237/,0,1.0,hamming<=6;jaccard>=0.82,conservative thresholds satisfied
MERGE_NEAR_DUP,https://www.linkedin.com/pulse/global-information-security-products-services-market,https://www.linkedin.com/pulse/global-information-security-products-services-market,0,1.0,hamming<=6;jaccard>=0.82,conservative thresholds satisfied
MERGE_NEAR_DUP,https://www.princeton.edu/news/2023/08/11/jay-dominick-will-retire-vp-information-technology-and-cio,https://www.princeton.edu/news/2023/08/11/jay-dominick-will-retire-vp-information-technology-and-cio,0,1.0,hamming<=6;jaccard>=0.82,conservative thresholds satisfied
MERGE_NEAR_DUP,https://www.nasdaq.com/articles/friday-sector-laggards:-technology-communications-services-6,https://www.nasdaq.com/articles/friday-sector-laggards:-technology-communications-services-6,0,1.0,hamming<=6;jaccard>=0.82,conservative thresholds satisfied
MERGE_NEAR_DUP,https://www.enr.com/topics/588-information-technology,https://www.enr.com/topics/588-information-technology,0,1.0,hamming<=6;jaccard>=0.82,conservative thresholds satisfied
MERGE_NEAR_DUP,https://au.sports.yahoo.com/fidelity-national-information-services-fis-221518423.html,https://au.sports.yahoo.com/fidelity-national-information-services-fis-221518423.html,0,1.0,hamming<=6;jaccard>=0.82,conservative thresholds satisfied
MERGE_NEAR_DUP,https://au.sports.yahoo.com/fidelity-national-information-services-fis-221518423.html,https://au.sports.yahoo.com/fidelity-national-information-services-fis-221518423.html,0,1.0,hamming<=6;jaccard>=0.82,conservative thresholds satisfied
MERGE_NEAR_DUP,https://apnews.com/article/china-united-states-biden-technology-investment-0874812b489913de74b76128a37cb66c,https://apnews.com/article/china-united-states-biden-technology-investment-0874812b489913de74b76128a37cb66c,0,1.0,hamming<=6;jaccard>=0.82,conservative thresholds satisfied
MERGE_NEAR_DUP,https://www.timesnownews.com/technology-science/this-company-is-combining-logistics-with-technology-to-bring-seamless-services-to-its-customers-aims-to-target-rs-350-crore-in-revenue-this-year-article-99409274,https://www.timesnownews.com/technology-science/this-company-is-combining-logistics-with-technology-to-bring-seamless-services-to-its-customers-aims-to-target-rs-350-crore-in-revenue-this-year-article-99409274,0,1.0,hamming<=6;jaccard>=0.82,conservative thresholds satisfied
REJECT_HAMMING,https://www.victoriaadvocate.com/marine-products-corporation-to-participate-in-the-baird-2023-global-consumer-technology-and-services-conference/article_6aaf4e0f-5f7d-5793-ace4-fa1808ba9280.html,https://www.federalregister.gov/documents/2023/07/20/2023-15432/request-for-information-on-equitable-delivery-of-climate-services,22,0.0,hamming<=6;jaccard>=0.82,SimHash distance above 6/64
REJECT_HAMMING,https://www.victoriaadvocate.com/marine-products-corporation-to-participate-in-the-baird-2023-global-consumer-technology-and-services-conference/article_6aaf4e0f-5f7d-5793-ace4-fa1808ba9280.html,https://www.federalregister.gov/documents/2007/03/02/07-951/information-technology-and-telecommunications-guidelines-for-federal-telework-and-other-alternative,22,0.0,hamming<=6;jaccard>=0.82,SimHash distance above 6/64
REJECT_HAMMING,https://www.victoriaadvocate.com/marine-products-corporation-to-participate-in-the-baird-2023-global-consumer-technology-and-services-conference/article_6aaf4e0f-5f7d-5793-ace4-fa1808ba9280.html,https://www.federalregister.gov/documents/2023/06/16/2023-12925/securing-the-information-and-communications-technology-and-services-supply-chain-connected-software,22,0.0,hamming<=6;jaccard>=0.82,SimHash distance above 6/64
REJECT_HAMMING,https://www.victoriaadvocate.com/marine-products-corporation-to-participate-in-the-baird-2023-global-consumer-technology-and-services-conference/article_6aaf4e0f-5f7d-5793-ace4-fa1808ba9280.html,https://www.federalregister.gov/documents/2007/03/02/07-951/information-technology-and-telecommunications-guidelines-for-federal-telework-and-other-alternative,22,0.0,hamming<=6;jaccard>=0.82,SimHash distance above 6/64
REJECT_HAMMING,https://www.victoriaadvocate.com/marine-products-corporation-to-participate-in-the-baird-2023-global-consumer-technology-and-services-conference/article_6aaf4e0f-5f7d-5793-ace4-fa1808ba9280.html,https://www.federalregister.gov/documents/2023/06/16/2023-12925/securing-the-information-and-communications-technology-and-services-supply-chain-connected-software,22,0.0,hamming<=6;jaccard>=0.82,SimHash distance above 6/64
REJECT_HAMMING,https://www.insurancebusinessmag.com/us/news/technology/insurtech-provider-taps-insurance-ops-head-449877.aspx,https://www.myalgomamanitoulinnow.com/53262/news/manitoulin-health-centre-implements-the-one-health-information-technology-service/,26,0.0,hamming<=6;jaccard>=0.82,SimHash distance above 6/64
REJECT_HAMMING,https://totaltele.com/aitelecom-apco-networks-enhances-4g-cellular-backhaul-and-enterprise-services-across-mexico/,https://www.mysanantonio.com/news/local/article/automated-navy-vessels-18416968.php,21,0.0,hamming<=6;jaccard>=0.82,SimHash distance above 6/64
MERGE_NEAR_DUP,https://totaltele.com/aitelecom-apco-networks-enhances-4g-cellular-backhaul-and-enterprise-services-across-mexico/,https://totaltele.com/aitelecom-apco-networks-enhances-4g-cellular-backhaul-and-enterprise-services-across-mexico/,0,1.0,hamming<=6;jaccard>=0.82,conservative thresholds satisfied
MERGE_NEAR_DUP,https://www.nasdaq.com/articles/friday-sector-leaders:-technology-communications-services-1,https://www.nasdaq.com/articles/friday-sector-leaders:-technology-communications-services-1,0,1.0,hamming<=6;jaccard>=0.82,conservative thresholds satisfied
REJECT_HAMMING,https://www.tmcnet.com/usubmit/-teledyne-aces-cab-air-monitoring-system-wins-crystal-/2023/06/08/9829589.htm,https://au.news.yahoo.com/information-services-group-nasdaq-iii-100744054.html,18,0.0,hamming<=6;jaccard>=0.82,SimHash distance above 6/64
REJECT_HAMMING,https://www.tmcnet.com/usubmit/-teledyne-aces-cab-air-monitoring-system-wins-crystal-/2023/06/08/9829589.htm,https://au.news.yahoo.com/information-services-group-nasdaq-iii-100744054.html,18,0.0,hamming<=6;jaccard>=0.82,SimHash distance above 6/64
MERGE_NEAR_DUP,https://www.reuters.com/technology/amazon-says-multiple-cloud-services-down-users-2023-06-13/,https://www.reuters.com/technology/amazon-says-multiple-cloud-services-down-users-2023-06-13/,0,1.0,hamming<=6;jaccard>=0.82,conservative thresholds satisfied
MERGE_NEAR_DUP,https://vietnamnet.vn/en/ministry-introduces-information-communication-technology-maps-2199883.html,https://vietnamnet.vn/en/ministry-introduces-information-communication-technology-maps-2199883.html,0,1.0,hamming<=6;jaccard>=0.82,conservative thresholds satisfied
REJECT_HAMMING,https://www.mysanantonio.com/news/local/article/automated-navy-vessels-18416968.php,https://totaltele.com/aitelecom-apco-networks-enhances-4g-cellular-backhaul-and-enterprise-services-across-mexico/,21,0.0,hamming<=6;jaccard>=0.82,SimHash distance above 6/64
REJECT_HAMMING,https://www.crn.com/news/security/novacoast-is-deploying-openai-chatbot-technology-to-its-400-person-security-services-team,https://www.marketwatch.com/press-release/bioremediation-technology-and-services-market-research-report-2023-by-product-application-end-users-region-and-global-forecast-to-2029-2023-02-08,28,0.0,hamming<=6;jaccard>=0.82,SimHash distance above 6/64
REJECT_HAMMING,https://www.ucl.ac.uk/isd/services/get-connected/china-connect,https://www.japantimes.co.jp/comfacts/77/,21,0.0,hamming<=6;jaccard>=0.82,SimHash distance above 6/64
MERGE_NEAR_DUP,https://www.nature.com/subjects/information-systems-and-information-technology,https://www.nature.com/subjects/information-systems-and-information-technology,0,1.0,hamming<=6;jaccard>=0.82,conservative thresholds satisfied
MERGE_NEAR_DUP,https://markets.businessinsider.com/news/stocks/dxc-technology-identifies-five-ways-the-metaverse-will-transform-lives-and-business-in-the-next-five-years-1031971173,https://markets.businessinsider.com/news/stocks/dxc-technology-identifies-five-ways-the-metaverse-will-transform-lives-and-business-in-the-next-five-years-1031971173,0,1.0,hamming<=6;jaccard>=0.82,conservative thresholds satisfied
REJECT_HAMMING,https://www.crn.com/news/software/softwareone-gets-multiple-acquisition-bids-report,https://electronics360.globalspec.com/article/20048/teledyne-lecroy-enables-validation-testing-of-solid-state-storage-power-and-sideband-capabilities,23,0.0,hamming<=6;jaccard>=0.82,SimHash distance above 6/64
MERGE_NEAR_DUP,https://www.financialexpress.com/education-2/masters-union-launches-ug-programme-in-technology-and-business-management/2936447/,https://www.financialexpress.com/education-2/masters-union-launches-ug-programme-in-technology-and-business-management/2936447/,0,1.0,hamming<=6;jaccard>=0.82,conservative thresholds satisfied
MERGE_NEAR_DUP,https://techbullion.com/trending-sports-technology-innovations-improving-sports-services/,https://techbullion.com/trending-sports-technology-innovations-improving-sports-services/,0,1.0,hamming<=6;jaccard>=0.82,conservative thresholds satisfied
MERGE_NEAR_DUP,https://techbullion.com/trending-sports-technology-innovations-improving-sports-services/,https://techbullion.com/trending-sports-technology-innovations-improving-sports-services/,0,1.0,hamming<=6;jaccard>=0.82,conservative thresholds satisfied
MERGE_NEAR_DUP,https://www.zdnet.com/article/headphones-a-beginners-guide-to-terminology-and-technology/,https://www.zdnet.com/article/headphones-a-beginners-guide-to-terminology-and-technology/,0,1.0,hamming<=6;jaccard>=0.82,conservative thresholds satisfied
MERGE_NEAR_DUP,https://www.zdnet.com/article/headphones-a-beginners-guide-to-terminology-and-technology/,https://www.zdnet.com/article/headphones-a-beginners-guide-to-terminology-and-technology/,0,1.0,hamming<=6;jaccard>=0.82,conservative thresholds satisfied
MERGE_NEAR_DUP,https://www.nytimes.com/2023/02/13/technology/technology-spending-resilient.html,https://www.nytimes.com/2023/02/13/technology/technology-spending-resilient.html,0,1.0,hamming<=6;jaccard>=0.82,conservative thresholds satisfied
MERGE_NEAR_DUP,https://www.nytimes.com/2023/02/13/technology/technology-spending-resilient.html,https://www.nytimes.com/2023/02/13/technology/technology-spending-resilient.html,0,1.0,hamming<=6;jaccard>=0.82,conservative thresholds satisfied
REJECT_HAMMING,https://www.aha.org/topics/health-information-technology-hit,https://www.wsj.com/finance/stocks/tech-media-telecom-roundup-market-talk-8112e217,23,0.0,hamming<=6;jaccard>=0.82,SimHash distance above 6/64
MERGE_NEAR_DUP,https://www.aha.org/topics/health-information-technology-hit,https://www.aha.org/topics/health-information-technology-hit,0,1.0,hamming<=6;jaccard>=0.82,conservative thresholds satisfied
MERGE_NEAR_DUP,https://www.aha.org/topics/health-information-technology-hit,https://www.aha.org/topics/health-information-technology-hit,0,1.0,hamming<=6;jaccard>=0.82,conservative thresholds satisfied
MERGE_NEAR_DUP,https://en.armradio.am/2023/10/10/armenia-to-host-2024-world-congress-on-innovation-and-technology/,https://en.armradio.am/2023/10/10/armenia-to-host-2024-world-congress-on-innovation-and-technology/,0,1.0,hamming<=6;jaccard>=0.82,conservative thresholds satisfied
REJECT_HAMMING,https://www.benzinga.com/markets/equities/23/06/32831350/servicenow-unveils-generative-ai-solution-with-real-time-conversational-experiences-for-self-ser,https://www.tmcnet.com/channels/call-center-management/news/-ujet-wins-google-cloud-technology-partner-the-year-/2023/08/29/9871864.htm,26,0.0,hamming<=6;jaccard>=0.82,SimHash distance above 6/64
MERGE_NEAR_DUP,https://www.bethel.edu/its/,https://www.bethel.edu/its/,0,1.0,hamming<=6;jaccard>=0.82,conservative thresholds satisfied
MERGE_NEAR_DUP,https://www.bethel.edu/its/,https://www.bethel.edu/its/,0,1.0,hamming<=6;jaccard>=0.82,conservative thresholds satisfied
MERGE_NEAR_DUP,https://www.livemint.com/opinion/online-views/community-involvement-and-technology-are-key-to-eliminating-tb-11679634943010.html,https://www.livemint.com/opinion/online-views/community-involvement-and-technology-are-key-to-eliminating-tb-11679634943010.html,0,1.0,hamming<=6;jaccard>=0.82,conservative thresholds satisfied
MERGE_NEAR_DUP,https://www.fmiblog.com/2022/12/21/edtech-market-innovations-technology-growth-and-research-2031/,https://www.fmiblog.com/2022/12/21/edtech-market-innovations-technology-growth-and-research-2031/,0,1.0,hamming<=6;jaccard>=0.82,conservative thresholds satisfied
MERGE_NEAR_DUP,https://www.irishexaminer.com/business/technology/arid-41168134.html,https://www.irishexaminer.com/business/technology/arid-41168134.html,0,1.0,hamming<=6;jaccard>=0.82,conservative thresholds satisfied
MERGE_NEAR_DUP,https://www.timesnews.net/news/appalachian-highlands/etsu-partners-with-community-college-on-human-services-technology-program/article_791dbc65-a11c-5111-8042-6c9ce75b18b1.html,https://www.timesnews.net/news/appalachian-highlands/etsu-partners-with-community-college-on-human-services-technology-program/article_791dbc65-a11c-5111-8042-6c9ce75b18b1.html,0,1.0,hamming<=6;jaccard>=0.82,conservative thresholds satisfied
MERGE_NEAR_DUP,https://www.devdiscourse.com/article/technology/2353232-sc-ventures-partners-with-yabx-to-expand-access-to-financial-services-in-africa,https://www.devdiscourse.com/article/technology/2353232-sc-ventures-partners-with-yabx-to-expand-access-to-financial-services-in-africa,0,1.0,hamming<=6;jaccard>=0.82,conservative thresholds satisfied
REJECT_HAMMING,https://www.bakersfield.com/ap/news/boxed-launches-spresso-saas-solutions-on-google-cloud-marketplace-to-provide-data-driven/article_d75d876f-be92-5e42-a106-25486b121d1b.html,https://www.reuters.com/technology/openai-readies-new-open-source-ai-model-information-2023-05-15/,25,0.0,hamming<=6;jaccard>=0.82,SimHash distance above 6/64
MERGE_NEAR_DUP,https://www.information-age.com/top-trends-to-impact-tech-providers-by-2025-gartner-123501418/,https://www.information-age.com/top-trends-to-impact-tech-providers-by-2025-gartner-123501418/,0,1.0,hamming<=6;jaccard>=0.82,conservative thresholds satisfied
MERGE_NEAR_DUP,https://www.federalregister.gov/documents/2023/07/20/2023-15432/request-for-information-on-equitable-delivery-of-climate-services,https://www.federalregister.gov/documents/2007/03/02/07-951/information-technology-and-telecommunications-guidelines-for-federal-telework-and-other-alternative,0,1.0,hamming<=6;jaccard>=0.82,conservative thresholds satisfied
MERGE_NEAR_DUP,https://www.federalregister.gov/documents/2023/07/20/2023-15432/request-for-information-on-equitable-delivery-of-climate-services,https://www.federalregister.gov/documents/2023/06/16/2023-12925/securing-the-information-and-communications-technology-and-services-supply-chain-connected-software,0,1.0,hamming<=6;jaccard>=0.82,conservative thresholds satisfied
MERGE_NEAR_DUP,https://www.federalregister.gov/documents/2023/07/20/2023-15432/request-for-information-on-equitable-delivery-of-climate-services,https://www.federalregister.gov/documents/2007/03/02/07-951/information-technology-and-telecommunications-guidelines-for-federal-telework-and-other-alternative,0,1.0,hamming<=6;jaccard>=0.82,conservative thresholds satisfied
MERGE_NEAR_DUP,https://www.federalregister.gov/documents/2023/07/20/2023-15432/request-for-information-on-equitable-delivery-of-climate-services,https://www.federalregister.gov/documents/2023/06/16/2023-12925/securing-the-information-and-communications-technology-and-services-supply-chain-connected-software,0,1.0,hamming<=6;jaccard>=0.82,conservative thresholds satisfied
MERGE_NEAR_DUP,https://www.buffalo.edu/administrative-services/managing-procurement/commonly-purchased-goods/information-technology.html,https://www.buffalo.edu/administrative-services/managing-procurement/commonly-purchased-goods/information-technology.html,0,1.0,hamming<=6;jaccard>=0.82,conservative thresholds satisfied
MERGE_NEAR_DUP,https://finance.yahoo.com/news/invest-vanguard-information-technology-etf-102007398.html,https://finance.yahoo.com/news/invest-vanguard-information-technology-etf-102007398.html,0,1.0,hamming<=6;jaccard>=0.82,conservative thresholds satisfied
MERGE_NEAR_DUP,https://finance.yahoo.com/news/invest-vanguard-information-technology-etf-102007398.html,https://finance.yahoo.com/news/invest-vanguard-information-technology-etf-102007398.html,0,1.0,hamming<=6;jaccard>=0.82,conservative thresholds satisfied
MERGE_NEAR_DUP,https://www.hawaiibusiness.com/industry-outlook-information-technology/,https://www.hawaiibusiness.com/industry-outlook-information-technology/,0,1.0,hamming<=6;jaccard>=0.82,conservative thresholds satisfied
MERGE_NEAR_DUP,https://www.wku.edu/healthinformationmanagement/,https://www.wku.edu/healthinformationmanagement/,0,1.0,hamming<=6;jaccard>=0.82,conservative thresholds satisfied
MERGE_NEAR_DUP,https://madison.com/lifestyles/technology/police-seize-on-covid-19-tech-to-expand-global-surveillance/article_1ea0049c-b46d-58ae-89bc-e4662a513c9c.html,https://www.wfmz.com/online_features/tech_talk_and_innovation/police-seize-on-covid-19-tech-to-expand-global-surveillance/article_658a57b4-a31f-5639-9e45-2e7d6c8afc5a.html,0,1.0,hamming<=6;jaccard>=0.82,conservative thresholds satisfied
MERGE_NEAR_DUP,https://www.washingtontechnology.com/contracts/2023/07/maximus-challenges-175m-postal-service-award/388647/,https://www.washingtontechnology.com/contracts/2023/07/maximus-challenges-175m-postal-service-award/388647/,0,1.0,hamming<=6;jaccard>=0.82,conservative thresholds satisfied
REJECT_HAMMING,https://www.wsj.com/finance/stocks/tech-media-telecom-roundup-market-talk-606d7749,https://www.mytwintiers.com/news-cat/dc-bureau/new-500m-federal-grant-aims-to-expand-tech-hubs-outside-of-silicon-valley/,25,0.0,hamming<=6;jaccard>=0.82,SimHash distance above 6/64
REJECT_HAMMING,https://www.wsj.com/finance/stocks/tech-media-telecom-roundup-market-talk-606d7749,https://www.wsj.com/finance/investing/tech-media-telecom-roundup-market-talk-6f281702,12,0.6154,hamming<=6;jaccard>=0.82,SimHash distance above 6/64
MERGE_NEAR_DUP,https://www.gu.se/en/research/information-technology-and-science,https://www.gu.se/en/research/information-technology-and-science,0,1.0,hamming<=6;jaccard>=0.82,conservative thresholds satisfied
MERGE_NEAR_DUP,https://www.americanbanker.com/news/j-p-morgan-chooses-vestwells-technology-for-small-business-401k-services,https://www.americanbanker.com/news/j-p-morgan-chooses-vestwells-technology-for-small-business-401k-services,0,1.0,hamming<=6;jaccard>=0.82,conservative thresholds satisfied
REJECT_HAMMING,https://economictimes.indiatimes.com/tech/startups/zoomcar-appoints-ashu-singhal-as-chief-technology-and-product-officer/articleshow/96882148.cms,https://www.nasdaq.com/articles/stephens-co.-upgrades-fidelity-national-information-services-fis,20,0.0,hamming<=6;jaccard>=0.82,SimHash distance above 6/64
REJECT_HAMMING,https://economictimes.indiatimes.com/tech/startups/zoomcar-appoints-ashu-singhal-as-chief-technology-and-product-officer/articleshow/96882148.cms,https://www.nasdaq.com/articles/stephens-co.-upgrades-fidelity-national-information-services-fis,20,0.0,hamming<=6;jaccard>=0.82,SimHash distance above 6/64
MERGE_NEAR_DUP,https://economictimes.indiatimes.com/tech/startups/zoomcar-appoints-ashu-singhal-as-chief-technology-and-product-officer/articleshow/96882148.cms,https://economictimes.indiatimes.com/tech/startups/zoomcar-appoints-ashu-singhal-as-chief-technology-and-product-officer/articleshow/96882148.cms,0,1.0,hamming<=6;jaccard>=0.82,conservative thresholds satisfied
REJECT_HAMMING,https://theweek.com/google/1020524/what-big-tech-ceos-are-saying-about-their-companies-layoffs,https://www.ghanaweb.com/GhanaHomePage/NewsArchive/KNET-launches-IoT-service-based-on-AYECKA-technology-1669469,23,0.0,hamming<=6;jaccard>=0.82,SimHash distance above 6/64
REJECT_HAMMING,https://theweek.com/google/1020524/what-big-tech-ceos-are-saying-about-their-companies-layoffs,https://www.ghanaweb.com/GhanaHomePage/NewsArchive/KNET-launches-IoT-service-based-on-AYECKA-technology-1669469,23,0.0,hamming<=6;jaccard>=0.82,SimHash distance above 6/64
REJECT_HAMMING,https://www.federalregister.gov/documents/2019/05/17/2019-10538/securing-the-information-and-communications-technology-and-services-supply-chain?mc_cid=4b7636934d&mc_eid=UNIQID&mc_cid=4b7636934d&mc_eid=UNIQID,https://www.fmiblog.com/2023/05/18/contact-center-as-a-service-market-size-to-reach-us-16-billion-by-2032-cagr-of-13-52/,22,0.0,hamming<=6;jaccard>=0.82,SimHash distance above 6/64
MERGE_NEAR_DUP,https://www.federalregister.gov/documents/2019/05/17/2019-10538/securing-the-information-and-communications-technology-and-services-supply-chain?mc_cid=4b7636934d&mc_eid=UNIQID&mc_cid=4b7636934d&mc_eid=UNIQID,https://www.federalregister.gov/documents/2019/05/17/2019-10538/securing-the-information-and-communications-technology-and-services-supply-chain?mc_cid=4b7636934d&mc_eid=UNIQID&mc_cid=4b7636934d&mc_eid=UNIQID,0,1.0,hamming<=6;jaccard>=0.82,conservative thresholds satisfied
MERGE_NEAR_DUP,https://udayton.edu/policies/it/index.php,https://udayton.edu/policies/it/index.php,0,1.0,hamming<=6;jaccard>=0.82,conservative thresholds satisfied
MERGE_NEAR_DUP,https://www.information-age.com/new-technology-jobs-needed-for-ai-123505227/,https://www.information-age.com/new-technology-jobs-needed-for-ai-123505227/,0,1.0,hamming<=6;jaccard>=0.82,conservative thresholds satisfied
MERGE_NEAR_DUP,https://www.pcworld.com/article/823826/best-cloud-gaming-services.html,https://www.pcworld.com/article/823826/best-cloud-gaming-services.html,0,1.0,hamming<=6;jaccard>=0.82,conservative thresholds satisfied
MERGE_NEAR_DUP,https://www.linkedin.com/pulse/interactive-self-service-kiosk-market-1c,https://www.linkedin.com/pulse/interactive-self-service-kiosk-market-1c,0,1.0,hamming<=6;jaccard>=0.82,conservative thresholds satisfied
MERGE_NEAR_DUP,https://www.engadget.com/best-video-streaming-services-133000093.html,https://www.engadget.com/best-video-streaming-services-133000093.html,0,1.0,hamming<=6;jaccard>=0.82,conservative thresholds satisfied
MERGE_NEAR_DUP,https://www.cbc.ca/news/politics/fortier-access-to-information-1.6886865,https://www.cbc.ca/news/politics/fortier-access-to-information-1.6886865,0,1.0,hamming<=6;jaccard>=0.82,conservative thresholds satisfied
MERGE_NEAR_DUP,https://www.insurancetimes.co.uk/analysis/in-focus-how-can-commercial-lines-brokers-harness-technology-to-enhance-customer-service/1445657.article,https://www.insurancetimes.co.uk/analysis/in-focus-how-can-commercial-lines-brokers-harness-technology-to-enhance-customer-service/1445657.article,0,1.0,hamming<=6;jaccard>=0.82,conservative thresholds satisfied
MERGE_NEAR_DUP,https://finance.yahoo.com/news/12-best-information-technology-services-134510190.html,https://www.insidermonkey.com/blog/12-best-information-technology-services-stocks-to-buy-1145218/,0,1.0,hamming<=6;jaccard>=0.82,conservative thresholds satisfied
MERGE_NEAR_DUP,https://finance.yahoo.com/news/12-best-information-technology-services-134510190.html,https://finance.yahoo.com/news/12-best-information-technology-services-134510190.html,0,1.0,hamming<=6;jaccard>=0.82,conservative thresholds satisfied
MERGE_NEAR_DUP,https://seekingalpha.com/news/3996877-information-services-corporation-non-gaap-eps-of-c051-revenue-of-c533m,https://seekingalpha.com/news/3949929-givex-information-technology-group-reports-q4-results,0,1.0,hamming<=6;jaccard>=0.82,conservative thresholds satisfied
MERGE_NEAR_DUP,https://seekingalpha.com/news/3996877-information-services-corporation-non-gaap-eps-of-c051-revenue-of-c533m,https://seekingalpha.com/news/3989409-fidelity-national-information-services-inc-declares-0_52-dividend,0,1.0,hamming<=6;jaccard>=0.82,conservative thresholds satisfied
MERGE_NEAR_DUP,https://seekingalpha.com/news/3996877-information-services-corporation-non-gaap-eps-of-c051-revenue-of-c533m,https://seekingalpha.com/news/3989409-fidelity-national-information-services-inc-declares-0_52-dividend,0,1.0,hamming<=6;jaccard>=0.82,conservative thresholds satisfied
MERGE_NEAR_DUP,https://www.prnewswire.co.uk/news-releases/nec-iberica-and-nec-laboratories-europe-advance-data-space-and-5g-technology-research-with-a-smart-campus-for-the-university-of-murcia-301692766.html,https://www.prnewswire.co.uk/news-releases/nec-iberica-and-nec-laboratories-europe-advance-data-space-and-5g-technology-research-with-a-smart-campus-for-the-university-of-murcia-301692766.html,0,1.0,hamming<=6;jaccard>=0.82,conservative thresholds satisfied
MERGE_NEAR_DUP,https://www.federalregister.gov/documents/2007/03/02/07-951/information-technology-and-telecommunications-guidelines-for-federal-telework-and-other-alternative,https://www.federalregister.gov/documents/2023/06/16/2023-12925/securing-the-information-and-communications-technology-and-services-supply-chain-connected-software,0,1.0,hamming<=6;jaccard>=0.82,conservative thresholds satisfied
MERGE_NEAR_DUP,https://www.federalregister.gov/documents/2007/03/02/07-951/information-technology-and-telecommunications-guidelines-for-federal-telework-and-other-alternative,https://www.federalregister.gov/documents/2007/03/02/07-951/information-technology-and-telecommunications-guidelines-for-federal-telework-and-other-alternative,0,1.0,hamming<=6;jaccard>=0.82,conservative thresholds satisfied
MERGE_NEAR_DUP,https://www.federalregister.gov/documents/2007/03/02/07-951/information-technology-and-telecommunications-guidelines-for-federal-telework-and-other-alternative,https://www.federalregister.gov/documents/2023/06/16/2023-12925/securing-the-information-and-communications-technology-and-services-supply-chain-connected-software,0,1.0,hamming<=6;jaccard>=0.82,conservative thresholds satisfied
MERGE_NEAR_DUP,https://www.channelbiz.co.uk/press-release/world-cinema-and-servicenow-spearhead-technology-service-transformation-in-hospitality-industry/,https://www.channelbiz.co.uk/press-release/world-cinema-and-servicenow-spearhead-technology-service-transformation-in-hospitality-industry/,0,1.0,hamming<=6;jaccard>=0.82,conservative thresholds satisfied
MERGE_NEAR_DUP,https://www.qsrmagazine.com/sponsored/why-operators-need-full-service-technology-partner,https://www.qsrmagazine.com/sponsored/restaurant-tech-why-operators-need-full-service-technology-partner,0,1.0,hamming<=6;jaccard>=0.82,conservative thresholds satisfied
MERGE_NEAR_DUP,https://www.qsrmagazine.com/sponsored/why-operators-need-full-service-technology-partner,https://www.qsrmagazine.com/sponsored/why-operators-need-full-service-technology-partner,0,1.0,hamming<=6;jaccard>=0.82,conservative thresholds satisfied
REJECT_HAMMING,https://www.buffalo.edu/administrative-services/for-faculty-staff/my-employment-information.html,https://www.reuters.com/technology/openai-plans-app-store-ai-software-information-2023-06-20/,21,0.0,hamming<=6;jaccard>=0.82,SimHash distance above 6/64
MERGE_NEAR_DUP,https://www.buffalo.edu/administrative-services/for-faculty-staff/my-employment-information.html,https://www.buffalo.edu/administrative-services/for-faculty-staff/my-employment-information.html,0,1.0,hamming<=6;jaccard>=0.82,conservative thresholds satisfied
MERGE_NEAR_DUP,https://www.businesswire.com/news/home/20230322005140/en/World-Cinema-and-ServiceNow-Spearhead-Technology-Service-Transformation-in-Hospitality-Industry/?feedref=JjAwJuNHiystnCoBq_hl-bsjWlVyeNLyq_m2tvaHJJaCbS9GfOaU05M3U1TVIJEgj_R0p0VFN6GsXdq8PYoIcFEYGffXvFUnUBNNmxNkJdnQqLx557vS7ZRxiEolcr-hVDp-2-rCtDK_aRLJhTuAhA==,https://www.yahoo.com/lifestyle/world-cinema-servicenow-spearhead-technology-130000949.html,0,1.0,hamming<=6;jaccard>=0.82,conservative thresholds satisfied
MERGE_NEAR_DUP,https://www.businesswire.com/news/home/20230322005140/en/World-Cinema-and-ServiceNow-Spearhead-Technology-Service-Transformation-in-Hospitality-Industry/?feedref=JjAwJuNHiystnCoBq_hl-bsjWlVyeNLyq_m2tvaHJJaCbS9GfOaU05M3U1TVIJEgj_R0p0VFN6GsXdq8PYoIcFEYGffXvFUnUBNNmxNkJdnQqLx557vS7ZRxiEolcr-hVDp-2-rCtDK_aRLJhTuAhA==,https://www.yahoo.com/lifestyle/world-cinema-servicenow-spearhead-technology-130000949.html,0,1.0,hamming<=6;jaccard>=0.82,conservative thresholds satisfied
MERGE_NEAR_DUP,https://timesofindia.indiatimes.com/blogs/voices/the-benefits-and-challenges-of-technology-integration-in-the-classroom/,https://timesofindia.indiatimes.com/blogs/voices/the-benefits-and-challenges-of-technology-integration-in-the-classroom/,0,1.0,hamming<=6;jaccard>=0.82,conservative thresholds satisfied
MERGE_NEAR_DUP,https://seekingalpha.com/news/3949929-givex-information-technology-group-reports-q4-results,https://seekingalpha.com/news/3989409-fidelity-national-information-services-inc-declares-0_52-dividend,0,1.0,hamming<=6;jaccard>=0.82,conservative thresholds satisfied
MERGE_NEAR_DUP,https://seekingalpha.com/news/3949929-givex-information-technology-group-reports-q4-results,https://seekingalpha.com/news/3989409-fidelity-national-information-services-inc-declares-0_52-dividend,0,1.0,hamming<=6;jaccard>=0.82,conservative thresholds satisfied
MERGE_NEAR_DUP,https://indianexpress.com/article/technology/tech-news-technology/us-argues-google-wants-too-much-information-kept-secret-in-antitrust-trial-8946121/,https://indianexpress.com/article/technology/tech-news-technology/us-argues-google-wants-too-much-information-kept-secret-in-antitrust-trial-8946121/,0,1.0,hamming<=6;jaccard>=0.82,conservative thresholds satisfied
MERGE_NEAR_DUP,https://finance.yahoo.com/news/fidelity-national-information-services-fis-221520651.html,https://finance.yahoo.com/news/fidelity-national-information-services-fis-221520651.html,0,1.0,hamming<=6;jaccard>=0.82,conservative thresholds satisfied
MERGE_NEAR_DUP,https://www.technologyrecord.com/article/sibos-2023-financial-services-and-technology-leaders-focus-on-the-power-of-ai,https://www.technologyrecord.com/article/sibos-2023-financial-services-and-technology-leaders-focus-on-the-power-of-ai,0,1.0,hamming<=6;jaccard>=0.82,conservative thresholds satisfied
MERGE_NEAR_DUP,https://www.fool.com/investing/stock-market/market-sectors/communication/media-stocks/streaming-service-stocks/,https://www.fool.com/investing/stock-market/market-sectors/communication/media-stocks/streaming-service-stocks/,0,1.0,hamming<=6;jaccard>=0.82,conservative thresholds satisfied
MERGE_NEAR_DUP,https://www.nasdaq.com/articles/stephens-co.-upgrades-fidelity-national-information-services-fis,https://www.nasdaq.com/articles/stephens-co.-upgrades-fidelity-national-information-services-fis,0,1.0,hamming<=6;jaccard>=0.82,conservative thresholds satisfied
REJECT_HAMMING,https://www.nasdaq.com/articles/stephens-co.-upgrades-fidelity-national-information-services-fis,https://economictimes.indiatimes.com/tech/startups/zoomcar-appoints-ashu-singhal-as-chief-technology-and-product-officer/articleshow/96882148.cms,20,0.0,hamming<=6;jaccard>=0.82,SimHash distance above 6/64
MERGE_NEAR_DUP,https://www.linkedin.com/pulse/information-communication-technologyict-shriram-k,https://www.linkedin.com/pulse/information-communication-technologyict-shriram-k,0,1.0,hamming<=6;jaccard>=0.82,conservative thresholds satisfied
MERGE_NEAR_DUP,https://www.news24.com/fin24/companies/south-africas-spar-loses-information-technology-chief-after-sap-bungle-20230916,https://www.news24.com/fin24/companies/south-africas-spar-loses-information-technology-chief-after-sap-bungle-20230916,0,1.0,hamming<=6;jaccard>=0.82,conservative thresholds satisfied
REJECT_HAMMING,https://www.news24.com/fin24/companies/south-africas-spar-loses-information-technology-chief-after-sap-bungle-20230916,https://www.rcrwireless.com/20230120/carriers/tech-is-the-problem-and-the-solution-telefonica-on-the-future-of-work-and-society,20,0.0,hamming<=6;jaccard>=0.82,SimHash distance above 6/64
MERGE_NEAR_DUP,https://indianexpress.com/article/technology/artificial-intelligence/google-bard-ai-updates-8958068/,https://indianexpress.com/article/technology/artificial-intelligence/google-bard-ai-updates-8958068/,0,1.0,hamming<=6;jaccard>=0.82,conservative thresholds satisfied
MERGE_NEAR_DUP,https://southaustralia.com/products/adelaide/information-services/adelaide-visitor-information-centre,https://southaustralia.com/products/adelaide/information-services/adelaide-visitor-information-centre,0,1.0,hamming<=6;jaccard>=0.82,conservative thresholds satisfied
REJECT_HAMMING,https://www.wsj.com/articles/tech-media-telecom-roundup-market-talk-c9a3fb53,https://www.valdostadailytimes.com/ap/business/k2-services-and-servicenow-partner-to-advance-digital-transformation-for-the-legal-industry/article_63191511-22cf-52eb-b680-2e276c34f217.html,26,0.0,hamming<=6;jaccard>=0.82,SimHash distance above 6/64
REJECT_HAMMING,https://www.wsj.com/articles/tech-media-telecom-roundup-market-talk-c9a3fb53,https://www.wsj.com/articles/tech-media-telecom-roundup-market-talk-7e333db4,13,0.7857,hamming<=6;jaccard>=0.82,SimHash distance above 6/64
REJECT_JACCARD,https://www.wsj.com/articles/tech-media-telecom-roundup-market-talk-c9a3fb53,https://www.wsj.com/articles/tech-media-telecom-roundup-market-talk-aeb01d68,6,0.6,hamming<=6;jaccard>=0.82,5-gram Jaccard below 0.82
REJECT_HAMMING,https://www.wsj.com/articles/tech-media-telecom-roundup-market-talk-c9a3fb53,https://www.wsj.com/articles/tech-media-telecom-roundup-market-talk-8b97601,20,0.3158,hamming<=6;jaccard>=0.82,SimHash distance above 6/64
MERGE_NEAR_DUP,https://www.bethel.edu/its/,https://www.bethel.edu/its/,0,1.0,hamming<=6;jaccard>=0.82,conservative thresholds satisfied
MERGE_NEAR_DUP,https://www.nasdaq.com/articles/fidelity-national-information-services-q2-earnings-summary,https://www.nasdaq.com/articles/fidelity-national-information-services-q2-earnings-summary,0,1.0,hamming<=6;jaccard>=0.82,conservative thresholds satisfied
MERGE_NEAR_DUP,https://southaustralia.com/products/limestone-coast/information-services/robe-visitor-information-centre,https://southaustralia.com/products/limestone-coast/information-services/robe-visitor-information-centre,0,1.0,hamming<=6;jaccard>=0.82,conservative thresholds satisfied
MERGE_NEAR_DUP,https://www.reuters.com/technology/revolut-stop-crypto-services-us-customers-2023-08-04/,https://www.reuters.com/technology/revolut-stop-crypto-services-us-customers-2023-08-04/,0,1.0,hamming<=6;jaccard>=0.82,conservative thresholds satisfied
REJECT_HAMMING,https://www.valuepenguin.com/sectors/information-technology,https://www.ipsnews.net/2023/08/lets-shape-tech-transformative-meet-every-childs-learning-needs/,22,0.0,hamming<=6;jaccard>=0.82,SimHash distance above 6/64
MERGE_NEAR_DUP,https://www.waketech.edu/programs-courses/credit/credit-programs/human-services-technology/degrees-programs/a4538c,https://www.waketech.edu/programs-courses/credit/credit-programs/human-services-technology/degrees-programs/a4538c,0,1.0,hamming<=6;jaccard>=0.82,conservative thresholds satisfied
MERGE_NEAR_DUP,https://www.waketech.edu/programs-courses/credit/credit-programs/human-services-technology/degrees-programs/a4538c,https://www.waketech.edu/programs-courses/credit/credit-programs/human-services-technology/degrees-programs/a4538c,0,1.0,hamming<=6;jaccard>=0.82,conservative thresholds satisfied
MERGE_NEAR_DUP,https://www.waketech.edu/programs-courses/credit/credit-programs/human-services-technology/degrees-programs/a4538c,https://www.waketech.edu/programs-courses/credit/credit-programs/human-services-technology/degrees-programs/a4538c,0,1.0,hamming<=6;jaccard>=0.82,conservative thresholds satisfied
MERGE_NEAR_DUP,https://www.cnet.com/home/internet/what-is-5g-home-internet/,https://www.cnet.com/home/internet/what-is-5g-home-internet/,0,1.0,hamming<=6;jaccard>=0.82,conservative thresholds satisfied
REJECT_HAMMING,https://billingsgazette.com/news/national/never-saw-such-hell-intercepted-phone-calls-home-by-russian-soldiers-reveal-horrors-of-war/article_15f524d8-c911-5e1d-b20e-544fb5e92827.html,https://www.msn.com/en-us/news/nextdoor/do-you-need-help-with-your-computer-or-other-tech/ar-NDAHCr8hxWDrk8N,27,0.0,hamming<=6;jaccard>=0.82,SimHash distance above 6/64
MERGE_NEAR_DUP,https://www.bizjournals.com/pacific/news/2023/03/01/hhie-expands-service.html,https://www.bizjournals.com/pacific/news/2023/03/01/hhie-expands-service.html,0,1.0,hamming<=6;jaccard>=0.82,conservative thresholds satisfied
MERGE_NEAR_DUP,https://www.wsj.com/articles/tech-media-telecom-roundup-market-talk-a467fcaf,https://www.wsj.com/business/telecom/tech-media-telecom-roundup-market-talk-91090ac7,0,1.0,hamming<=6;jaccard>=0.82,conservative thresholds satisfied
MERGE_NEAR_DUP,https://www.wsj.com/articles/tech-media-telecom-roundup-market-talk-a467fcaf,https://www.wsj.com/articles/tech-media-telecom-roundup-market-talk-dba275ec,0,1.0,hamming<=6;jaccard>=0.82,conservative thresholds satisfied
MERGE_NEAR_DUP,https://www.wsj.com/articles/tech-media-telecom-roundup-market-talk-a467fcaf,https://www.wsj.com/articles/tech-media-telecom-roundup-market-talk-26e23e99,0,1.0,hamming<=6;jaccard>=0.82,conservative thresholds satisfied
MERGE_NEAR_DUP,https://www.wsj.com/articles/tech-media-telecom-roundup-market-talk-a467fcaf,https://www.wsj.com/articles/tech-media-telecom-roundup-market-talk-11674827392,0,1.0,hamming<=6;jaccard>=0.82,conservative thresholds satisfied
MERGE_NEAR_DUP,https://www.usnews.com/360-reviews/technology/streaming-services/best-live-tv-streaming-services,https://www.usnews.com/360-reviews/technology/streaming-services/best-live-tv-streaming-services,0,1.0,hamming<=6;jaccard>=0.82,conservative thresholds satisfied
MERGE_NEAR_DUP,https://uwaterloo.ca/information-systems-technology/,https://uwaterloo.ca/information-systems-technology/,0,1.0,hamming<=6;jaccard>=0.82,conservative thresholds satisfied
MERGE_NEAR_DUP,https://www.ou.edu/admissions/academics/business/management-information-systems,https://www.ou.edu/admissions/academics/business/management-information-systems,0,1.0,hamming<=6;jaccard>=0.82,conservative thresholds satisfied
MERGE_NEAR_DUP,https://economictimes.indiatimes.com/lt-technology-services-ltd/stocksupdate/companyid-64987.cms,https://economictimes.indiatimes.com/lt-technology-services-ltd/stocksupdate/companyid-64987.cms,0,1.0,hamming<=6;jaccard>=0.82,conservative thresholds satisfied
MERGE_NEAR_DUP,https://www.bbc.co.uk/programmes/w3ct59qb,https://www.bbc.co.uk/programmes/w3ct59qb,0,1.0,hamming<=6;jaccard>=0.82,conservative thresholds satisfied
REJECT_HAMMING,https://www.fmiblog.com/2023/05/18/contact-center-as-a-service-market-size-to-reach-us-16-billion-by-2032-cagr-of-13-52/,https://www.federalregister.gov/documents/2019/05/17/2019-10538/securing-the-information-and-communications-technology-and-services-supply-chain?mc_cid=4b7636934d&mc_eid=UNIQID&mc_cid=4b7636934d&mc_eid=UNIQID,22,0.0,hamming<=6;jaccard>=0.82,SimHash distance above 6/64
MERGE_NEAR_DUP,https://www.buffalo.edu/administrative-services/information-for-suppliers.html,https://www.buffalo.edu/administrative-services/information-for-suppliers.html,0,1.0,hamming<=6;jaccard>=0.82,conservative thresholds satisfied
MERGE_NEAR_DUP,https://www.buffalo.edu/administrative-services/information-for-suppliers.html,https://www.buffalo.edu/administrative-services/information-for-suppliers.html,0,1.0,hamming<=6;jaccard>=0.82,conservative thresholds satisfied
MERGE_NEAR_DUP,https://www.todayonline.com/commentary/commentary-use-technology-not-just-teaching-students-also-cut-hours-and-workload-educators-2080276,https://www.todayonline.com/commentary/commentary-use-technology-not-just-teaching-students-also-cut-hours-and-workload-educators-2080276,0,1.0,hamming<=6;jaccard>=0.82,conservative thresholds satisfied
MERGE_NEAR_DUP,https://www.todayonline.com/commentary/commentary-use-technology-not-just-teaching-students-also-cut-hours-and-workload-educators-2080276,https://www.todayonline.com/commentary/commentary-use-technology-not-just-teaching-students-also-cut-hours-and-workload-educators-2080276,0,1.0,hamming<=6;jaccard>=0.82,conservative thresholds satisfied
REJECT_HAMMING,https://www.joplinglobe.com/region/national_business/ent-partners-announces-acquisition-of-southern-indiana-ent-indianapolis-sinus-center/article_cdcb21dd-a86d-52d2-84ae-71906405b19f.html,https://www.tmcnet.com/channels/call-center-management/news/-when-work-continues-growth-with-expansion-new-c-/2023/09/13/9880502.htm,28,0.0,hamming<=6;jaccard>=0.82,SimHash distance above 6/64
REJECT_HAMMING,https://www.valdostadailytimes.com/ap/business/k2-services-and-servicenow-partner-to-advance-digital-transformation-for-the-legal-industry/article_63191511-22cf-52eb-b680-2e276c34f217.html,https://www.wsj.com/articles/tech-media-telecom-roundup-market-talk-aeb01d68,26,0.0,hamming<=6;jaccard>=0.82,SimHash distance above 6/64
REJECT_HAMMING,https://www.valdostadailytimes.com/ap/business/k2-services-and-servicenow-partner-to-advance-digital-transformation-for-the-legal-industry/article_63191511-22cf-52eb-b680-2e276c34f217.html,https://www.wsj.com/articles/tech-media-telecom-roundup-market-talk-8b97601,22,0.0,hamming<=6;jaccard>=0.82,SimHash distance above 6/64
MERGE_NEAR_DUP,https://economictimes.indiatimes.com/markets/stocks/recos/hold-lampt-technology-services-target-price-rs-3800-sharekhan-by-bnp-paribas/articleshow/99931226.cms,https://economictimes.indiatimes.com/markets/stocks/recos/hold-lampt-technology-services-target-price-rs-3800-sharekhan-by-bnp-paribas/articleshow/99931226.cms,0,1.0,hamming<=6;jaccard>=0.82,conservative thresholds satisfied
MERGE_NEAR_DUP,https://www.waketech.edu/programs-courses/credit/credit-programs/human-services-technology/degrees-programs/a4538c,https://www.waketech.edu/programs-courses/credit/credit-programs/human-services-technology/degrees-programs/a4538c,0,1.0,hamming<=6;jaccard>=0.82,conservative thresholds satisfied
MERGE_NEAR_DUP,https://www.waketech.edu/programs-courses/credit/credit-programs/human-services-technology/degrees-programs/a4538c,https://www.waketech.edu/programs-courses/credit/credit-programs/human-services-technology/degrees-programs/a4538c,0,1.0,hamming<=6;jaccard>=0.82,conservative thresholds satisfied
MERGE_NEAR_DUP,https://finance.yahoo.com/news/invest-vanguard-information-technology-etf-102007398.html,https://finance.yahoo.com/news/invest-vanguard-information-technology-etf-102007398.html,0,1.0,hamming<=6;jaccard>=0.82,conservative thresholds satisfied
MERGE_NEAR_DUP,https://www.chronicle.com/article/how-data-and-technology-can-improve-advising-and-equity,https://www.chronicle.com/article/how-data-and-technology-can-improve-advising-and-equity,0,1.0,hamming<=6;jaccard>=0.82,conservative thresholds satisfied
MERGE_NEAR_DUP,https://www.forbesindia.com/blog/technology/future-of-sustainable-manufacturing-is-technology-driven/,https://www.forbesindia.com/blog/technology/future-of-sustainable-manufacturing-is-technology-driven/,0,1.0,hamming<=6;jaccard>=0.82,conservative thresholds satisfied
MERGE_NEAR_DUP,https://www.reuters.com/technology/microsoft-says-early-june-service-outages-were-cyberattacks-2023-06-18/,https://www.reuters.com/technology/microsoft-says-early-june-service-outages-were-cyberattacks-2023-06-18/,0,1.0,hamming<=6;jaccard>=0.82,conservative thresholds satisfied
MERGE_NEAR_DUP,https://www.vanguardngr.com/2023/07/nigeria-to-become-global-outsourcing-hub-for-information-technology-services-ngige/,https://www.vanguardngr.com/2023/07/nigeria-to-become-global-outsourcing-hub-for-information-technology-services-ngige/,0,1.0,hamming<=6;jaccard>=0.82,conservative thresholds satisfied
REJECT_HAMMING,https://www.msn.com/en-us/money/other/former-google-ceo-eric-schmidt-says-the-tech-sector-faces-a-reckoning-what-happens-when-people-fall-in-love-with-their-a-i-tutor/ar-AA19qiSc,https://www.commercialintegrator.com/news/k2-joins-salas-obrien-expands-technology-and-acoustics-services/,27,0.0,hamming<=6;jaccard>=0.82,SimHash distance above 6/64
MERGE_NEAR_DUP,https://afro.com/linking-finance-and-technology-can-brighten-financial-transactions/,https://afro.com/linking-finance-and-technology-can-brighten-financial-transactions/,0,1.0,hamming<=6;jaccard>=0.82,conservative thresholds satisfied
MERGE_NEAR_DUP,https://finance.yahoo.com/news/mosis-usc-information-sciences-institute-120500905.html,https://finance.yahoo.com/news/mosis-usc-information-sciences-institute-120500905.html,0,1.0,hamming<=6;jaccard>=0.82,conservative thresholds satisfied
MERGE_NEAR_DUP,https://www.computerweekly.com/feature/Is-composable-business-the-most-essential-technology-trend-to-meet-the-challenges-of-2023-and-beyond,https://www.computerweekly.com/feature/Is-composable-business-the-most-essential-technology-trend-to-meet-the-challenges-of-2023-and-beyond,0,1.0,hamming<=6;jaccard>=0.82,conservative thresholds satisfied
MERGE_NEAR_DUP,https://www.computerweekly.com/feature/Is-composable-business-the-most-essential-technology-trend-to-meet-the-challenges-of-2023-and-beyond,https://www.computerweekly.com/feature/Is-composable-business-the-most-essential-technology-trend-to-meet-the-challenges-of-2023-and-beyond,0,1.0,hamming<=6;jaccard>=0.82,conservative thresholds satisfied
MERGE_NEAR_DUP,https://www.ucl.ac.uk/isd/services/get-connected/china-connect,https://www.ucl.ac.uk/isd/services/get-connected/china-connect,0,1.0,hamming<=6;jaccard>=0.82,conservative thresholds satisfied
MERGE_NEAR_DUP,https://www.buffalo.edu/administrative-services/information-for-suppliers.html,https://www.buffalo.edu/administrative-services/information-for-suppliers.html,0,1.0,hamming<=6;jaccard>=0.82,conservative thresholds satisfied
MERGE_NEAR_DUP,https://stockhouse.com/news/press-releases/2023/07/19/australian-firms-embrace-hybrid-clouds-for-transformation,https://stockhouse.com/news/press-releases/2023/07/26/more-brazilian-firms-are-turning-to-hybrid-clouds-for-help,0,1.0,hamming<=6;jaccard>=0.82,conservative thresholds satisfied
MERGE_NEAR_DUP,https://stockhouse.com/news/press-releases/2023/07/19/australian-firms-embrace-hybrid-clouds-for-transformation,https://stockhouse.com/news/press-releases/2023/06/28/cautious-u-s-firms-still-seeking-benefits-of-hybrid-clouds,0,1.0,hamming<=6;jaccard>=0.82,conservative thresholds satisfied
MERGE_NEAR_DUP,https://www.wsj.com/articles/tech-media-telecom-roundup-market-talk-4a158d75,https://www.wsj.com/articles/tech-media-telecom-roundup-market-talk-442fa2ac,0,1.0,hamming<=6;jaccard>=0.82,conservative thresholds satisfied
MERGE_NEAR_DUP,https://www.wsj.com/articles/tech-media-telecom-roundup-market-talk-4a158d75,https://www.wsj.com/finance/investing/tech-media-telecom-roundup-market-talk-c5901a2c,0,1.0,hamming<=6;jaccard>=0.82,conservative thresholds satisfied
MERGE_NEAR_DUP,https://www.wsj.com/articles/tech-media-telecom-roundup-market-talk-4a158d75,https://www.wsj.com/articles/tech-media-telecom-roundup-market-talk-2544792f,0,1.0,hamming<=6;jaccard>=0.82,conservative thresholds satisfied
MERGE_NEAR_DUP,https://www.wsj.com/articles/tech-media-telecom-roundup-market-talk-4a158d75,https://www.wsj.com/finance/investing/tech-media-telecom-roundup-market-talk-6d2fa57,0,1.0,hamming<=6;jaccard>=0.82,conservative thresholds satisfied
MERGE_NEAR_DUP,https://www.wsj.com/articles/tech-media-telecom-roundup-market-talk-4a158d75,https://www.wsj.com/articles/tech-media-telecom-roundup-market-talk-93d3090,0,1.0,hamming<=6;jaccard>=0.82,conservative thresholds satisfied
MERGE_NEAR_DUP,https://www.wsj.com/articles/tech-media-telecom-roundup-market-talk-4a158d75,https://www.wsj.com/articles/tech-media-telecom-roundup-market-talk-2b75b99a,0,1.0,hamming<=6;jaccard>=0.82,conservative thresholds satisfied
MERGE_NEAR_DUP,https://www.openaccessgovernment.org/launch-of-new-sustainable-technology-products-and-services-agreement/168089/,https://www.openaccessgovernment.org/launch-of-new-sustainable-technology-products-and-services-agreement/168089/,0,1.0,hamming<=6;jaccard>=0.82,conservative thresholds satisfied
MERGE_NEAR_DUP,https://www.seniorliving.org/tech/,https://www.seniorliving.org/tech/,0,1.0,hamming<=6;jaccard>=0.82,conservative thresholds satisfied
REJECT_HAMMING,https://dallasinnovates.com/primoris-services-appoints-new-chief-information-officer/,https://www.stockport.gov.uk/freedom-of-information,24,0.0,hamming<=6;jaccard>=0.82,SimHash distance above 6/64
MERGE_NEAR_DUP,https://dallasinnovates.com/primoris-services-appoints-new-chief-information-officer/,https://dallasinnovates.com/primoris-services-appoints-new-chief-information-officer/,0,1.0,hamming<=6;jaccard>=0.82,conservative thresholds satisfied
MERGE_NEAR_DUP,https://www.pharmaceutical-technology.com/news/ups-healthcare-debuts-healthcare-logistics-service-in-europe/,https://www.pharmaceutical-technology.com/news/ups-healthcare-debuts-healthcare-logistics-service-in-europe/,0,1.0,hamming<=6;jaccard>=0.82,conservative thresholds satisfied
REJECT_HAMMING,https://www.fool.com/investing/2023/04/23/these-3-hot-tech-names-could-be-trillion-dollar-st/,https://www.seattletimes.com/business/big-tech-layoffs-are-hitting-diversity-and-inclusion-jobs-hard/,22,0.0,hamming<=6;jaccard>=0.82,SimHash distance above 6/64
MERGE_NEAR_DUP,https://www.afcea.org/signal-media/information-technology-technical-services,https://www.afcea.org/signal-media/information-technology-technical-services,0,1.0,hamming<=6;jaccard>=0.82,conservative thresholds satisfied
MERGE_NEAR_DUP,https://www.insidermonkey.com/blog/should-you-hold-stewart-information-services-stc-1204720/,https://www.insidermonkey.com/blog/should-you-hold-stewart-information-services-stc-1204720/,0,1.0,hamming<=6;jaccard>=0.82,conservative thresholds satisfied
MERGE_NEAR_DUP,https://www.cbsnews.com/news/customer-service-getting-worse-new-survey-technology-customer-anger/,https://www.cbsnews.com/sacramento/news/customer-service-getting-worse-new-survey-technology-customer-anger/,0,1.0,hamming<=6;jaccard>=0.82,conservative thresholds satisfied
MERGE_NEAR_DUP,https://www.cbsnews.com/news/customer-service-getting-worse-new-survey-technology-customer-anger/,https://www.cbsnews.com/news/customer-service-getting-worse-new-survey-technology-customer-anger/,0,1.0,hamming<=6;jaccard>=0.82,conservative thresholds satisfied
MERGE_NEAR_DUP,https://www.cbsnews.com/news/customer-service-getting-worse-new-survey-technology-customer-anger/,https://www.cbsnews.com/sacramento/news/customer-service-getting-worse-new-survey-technology-customer-anger/,0,1.0,hamming<=6;jaccard>=0.82,conservative thresholds satisfied
MERGE_NEAR_DUP,https://www.ipsnews.net/2023/03/gender-responsive-approach-to-technology-and-innovation-will-ensure-progress-un-international-womens-day-celebration/,https://www.ipsnews.net/2023/03/gender-responsive-approach-to-technology-and-innovation-will-ensure-progress-un-international-womens-day-celebration/,0,1.0,hamming<=6;jaccard>=0.82,conservative thresholds satisfied
REJECT_HAMMING,https://www.khon2.com/local-news/new-tech-features-lead-to-non-emergency-calls-in-hawaii/,https://www.foxnews.com/politics/not-just-cocaine-secret-service-reveals-another-banned-substance-found-bidens-white-house,22,0.0,hamming<=6;jaccard>=0.82,SimHash distance above 6/64
REJECT_HAMMING,https://www.firstpost.com/india/india-wants-ban-on-117-gaming-dating-loan-apps-from-google-play-for-thieving-data-for-china-nigeria-12378932.html,https://www.aol.com/news/san-francisco-kenyas-president-woos-194646898.html,28,0.0,hamming<=6;jaccard>=0.82,SimHash distance above 6/64
MERGE_NEAR_DUP,https://www.channelnewsasia.com/singapore/space-technology-geospatial-erp-gnss-mapping-climate-coastline-3285886,https://www.channelnewsasia.com/singapore/space-technology-geospatial-erp-gnss-mapping-climate-coastline-3285886,0,1.0,hamming<=6;jaccard>=0.82,conservative thresholds satisfied
MERGE_NEAR_DUP,https://www.cnet.com/tech/cnets-editors-choice-awards-the-best-products-and-services-for-2023/,https://www.cnet.com/tech/cnets-editors-choice-awards-the-best-products-and-services-for-2023/,0,1.0,hamming<=6;jaccard>=0.82,conservative thresholds satisfied
MERGE_NEAR_DUP,https://www.yahoo.com/lifestyle/world-cinema-servicenow-spearhead-technology-130000949.html,https://www.yahoo.com/lifestyle/world-cinema-servicenow-spearhead-technology-130000949.html,0,1.0,hamming<=6;jaccard>=0.82,conservative thresholds satisfied
REJECT_HAMMING,https://www.americancityandcounty.com/2023/03/15/cloud-services-a-cloudy-forecast-for-state-and-local-governments/,https://www.nasdaq.com/articles/why-a10-networks-stock-crashed-this-week,20,0.0,hamming<=6;jaccard>=0.82,SimHash distance above 6/64
MERGE_NEAR_DUP,https://thediplomat.com/2009/06/technology-and-diplomacy/,https://thediplomat.com/2009/06/technology-and-diplomacy/,0,1.0,hamming<=6;jaccard>=0.82,conservative thresholds satisfied
MERGE_NEAR_DUP,https://www.tvtechnology.com/news/brightcove-launches-ad-monetization-service,https://www.tvtechnology.com/news/brightcove-launches-ad-monetization-service,0,1.0,hamming<=6;jaccard>=0.82,conservative thresholds satisfied
MERGE_NEAR_DUP,https://www.theinformation.com/articles/warners-new-max-service-is-a-decade-overdue,https://www.theinformation.com/articles/warners-new-max-service-is-a-decade-overdue,0,1.0,hamming<=6;jaccard>=0.82,conservative thresholds satisfied
MERGE_NEAR_DUP,https://www.fool.com/investing/stock-market/market-sectors/information-technology/,https://www.fool.com/investing/stock-market/market-sectors/information-technology/,0,1.0,hamming<=6;jaccard>=0.82,conservative thresholds satisfied
MERGE_NEAR_DUP,https://www.usatoday.com/story/money/2023/01/09/spam-numbers-list-of-unwanted-calls-reported-to-federal-communications-commission/10940959002/,https://www.msn.com/en-us/money/companies/who-keeps-calling-me-look-up-numbers-flagged-as-potential-robo-calls-or-spam/ar-AA167TQZ,0,1.0,hamming<=6;jaccard>=0.82,conservative thresholds satisfied
MERGE_NEAR_DUP,https://smesouthafrica.co.za/what-is-business-information-technology/,https://smesouthafrica.co.za/what-is-business-information-technology/,0,1.0,hamming<=6;jaccard>=0.82,conservative thresholds satisfied
MERGE_NEAR_DUP,https://www.finanznachrichten.de/nachrichten-2023-02/58332212-esri-signs-agreement-with-malta-providing-access-to-gis-technology-training-004.htm,https://www.finanznachrichten.de/nachrichten-2023-02/58332212-esri-signs-agreement-with-malta-providing-access-to-gis-technology-training-004.htm,0,1.0,hamming<=6;jaccard>=0.82,conservative thresholds satisfied
MERGE_NEAR_DUP,https://au.sports.yahoo.com/fidelity-national-information-services-fis-221518423.html,https://au.sports.yahoo.com/fidelity-national-information-services-fis-221518423.html,0,1.0,hamming<=6;jaccard>=0.82,conservative thresholds satisfied
MERGE_NEAR_DUP,https://www.gov.uk/guidance/defence-infrastructure-organisation-service-family-accommodation,https://www.gov.uk/guidance/defence-infrastructure-organisation-service-family-accommodation,0,1.0,hamming<=6;jaccard>=0.82,conservative thresholds satisfied
MERGE_NEAR_DUP,https://www.ridgecrestca.com/news/amazon-web-services-scholarship-increase-to-cccc-students-pursuing-degree-in-information-technology-and-cybersecurity/article_677b51c4-920d-11ed-87c7-cf42289eee34.html,https://www.ridgecrestca.com/news/amazon-web-services-scholarship-increase-to-cccc-students-pursuing-degree-in-information-technology-and-cybersecurity/article_677b51c4-920d-11ed-87c7-cf42289eee34.html,0,1.0,hamming<=6;jaccard>=0.82,conservative thresholds satisfied
MERGE_NEAR_DUP,https://www.dmnews.com/top-10-pros-and-cons-of-smart-technology/,https://www.dmnews.com/top-10-pros-and-cons-of-smart-technology/,0,1.0,hamming<=6;jaccard>=0.82,conservative thresholds satisfied
MERGE_NEAR_DUP,https://www.cnbc.com/select/best-credit-monitoring-services/,https://www.cnbc.com/select/best-credit-monitoring-services/,0,1.0,hamming<=6;jaccard>=0.82,conservative thresholds satisfied
REJECT_HAMMING,https://apnews.com/article/faa-airplanes-close-calls-technology-49435f599a50c9cbc687c591e2a42939,https://indianexpress.com/article/technology/tech-news-technology/onedrive-office-365-down-microsoft-apps-suffer-major-outage-8357105/,24,0.0,hamming<=6;jaccard>=0.82,SimHash distance above 6/64
MERGE_NEAR_DUP,https://apnews.com/article/faa-airplanes-close-calls-technology-49435f599a50c9cbc687c591e2a42939,https://apnews.com/article/faa-airplanes-close-calls-technology-49435f599a50c9cbc687c591e2a42939,0,1.0,hamming<=6;jaccard>=0.82,conservative thresholds satisfied
MERGE_NEAR_DUP,https://www.uh.edu/education/student-services/technology-services/,https://www.uh.edu/education/student-services/technology-services/,0,1.0,hamming<=6;jaccard>=0.82,conservative thresholds satisfied
REJECT_HAMMING,https://www.uh.edu/education/student-services/technology-services/,https://www.news.com.au/technology/science/animals/queensland-parks-and-wildlife-service-fines-fisherman-for-feeding-dolphin/news-story/fd87154f39c582853e20a395b080a849,22,0.0,hamming<=6;jaccard>=0.82,SimHash distance above 6/64
MERGE_NEAR_DUP,https://www.linkedin.com/advice/3/how-can-technology-improve-service,https://www.linkedin.com/advice/3/how-can-technology-improve-service,0,1.0,hamming<=6;jaccard>=0.82,conservative thresholds satisfied
MERGE_NEAR_DUP,https://www.washingtonpost.com/technology/2023/06/13/amazon-aws-down-outage/,https://www.washingtonpost.com/technology/2023/06/13/amazon-aws-down-outage/,0,1.0,hamming<=6;jaccard>=0.82,conservative thresholds satisfied
MERGE_NEAR_DUP,https://www.railway-technology.com/news/db-obb-expand-cross-border-services/,https://www.railway-technology.com/news/db-obb-expand-cross-border-services/,0,1.0,hamming<=6;jaccard>=0.82,conservative thresholds satisfied
MERGE_NEAR_DUP,https://roanoke.com/opinion/column/danielle-coffey-big-tech-is-threat-to-your-local-news/article_bccdd9e2-e0da-559b-aef1-f590add27a91.html,https://journalnow.com/opinion/column/danielle-coffey-big-tech-is-threat-to-your-local-news/article_74c497ce-381e-55ec-b7ff-7140c94168fe.html,0,1.0,hamming<=6;jaccard>=0.82,conservative thresholds satisfied
MERGE_NEAR_DUP,https://aviationweek.com/aerospace/haite-group-your-integrated-aviation-technology-service-provider,https://aviationweek.com/aerospace/haite-group-your-integrated-aviation-technology-service-provider,0,1.0,hamming<=6;jaccard>=0.82,conservative thresholds satisfied
REJECT_HAMMING,https://www.benzinga.com/pressreleases/23/09/34415907/big-data-technology-services-market-global-2023-value-evaluations-and-industry-insights,https://www.thedailystar.net/business/news/fintech-and-financial-services-delivering-development-3257681,20,0.0,hamming<=6;jaccard>=0.82,SimHash distance above 6/64
REJECT_HAMMING,https://www.benzinga.com/pressreleases/23/09/34415907/big-data-technology-services-market-global-2023-value-evaluations-and-industry-insights,https://www.thedailystar.net/business/news/fintech-and-financial-services-delivering-development-3257681,20,0.0,hamming<=6;jaccard>=0.82,SimHash distance above 6/64
MERGE_NEAR_DUP,https://www.business-standard.com/company/lt-technology-44814.html,https://www.business-standard.com/company/lt-technology-44814.html,0,1.0,hamming<=6;jaccard>=0.82,conservative thresholds satisfied
REJECT_HAMMING,https://www.cnet.com/tech/services-and-software/best-live-tv-streaming-service-for-cord-cutters/,https://www.linkedin.com/pulse/global-information-technology-security-service-market,30,0.0,hamming<=6;jaccard>=0.82,SimHash distance above 6/64
MERGE_NEAR_DUP,https://www.cnet.com/tech/services-and-software/best-live-tv-streaming-service-for-cord-cutters/,https://www.cnet.com/tech/how-we-test-products-and-services/,0,1.0,hamming<=6;jaccard>=0.82,conservative thresholds satisfied
MERGE_NEAR_DUP,https://www.cnet.com/tech/services-and-software/best-live-tv-streaming-service-for-cord-cutters/,https://www.cnet.com/tech/services-and-software/best-live-tv-streaming-service-for-cord-cutters/,0,1.0,hamming<=6;jaccard>=0.82,conservative thresholds satisfied
REJECT_HAMMING,https://www.cnet.com/tech/services-and-software/best-live-tv-streaming-service-for-cord-cutters/,https://www.linkedin.com/pulse/global-information-technology-security-service-market,30,0.0,hamming<=6;jaccard>=0.82,SimHash distance above 6/64
MERGE_NEAR_DUP,https://www.benzinga.com/pressreleases/23/03/n31214604/cambium-networks-fixed-wireless-technology-enables-isps-to-offer-over-100-mbps-service-without-rep,https://www.benzinga.com/pressreleases/23/03/n31214604/cambium-networks-fixed-wireless-technology-enables-isps-to-offer-over-100-mbps-service-without-rep,0,1.0,hamming<=6;jaccard>=0.82,conservative thresholds satisfied
REJECT_HAMMING,https://www.vanguardngr.com/2023/06/cupp-to-service-chiefs-adopt-technology-strategy-to-tackle-nigerias-security-challenges/,https://www.benzinga.com/pressreleases/23/06/tr32862620/flsmidth-to-sell-non-core-activities-material-handling-technology-assets-to-koch-solutions-and-ac,22,0.0,hamming<=6;jaccard>=0.82,SimHash distance above 6/64
REJECT_HAMMING,https://www.vanguardngr.com/2023/06/cupp-to-service-chiefs-adopt-technology-strategy-to-tackle-nigerias-security-challenges/,https://www.benzinga.com/pressreleases/23/06/tr32862620/flsmidth-to-sell-non-core-activities-material-handling-technology-assets-to-koch-solutions-and-ac,22,0.0,hamming<=6;jaccard>=0.82,SimHash distance above 6/64
MERGE_NEAR_DUP,https://www.vanguardngr.com/2023/06/cupp-to-service-chiefs-adopt-technology-strategy-to-tackle-nigerias-security-challenges/,https://www.vanguardngr.com/2023/06/cupp-to-new-service-chiefs-adopt-technology-strategy-to-tackle-security-challenges/,0,1.0,hamming<=6;jaccard>=0.82,conservative thresholds satisfied
MERGE_NEAR_DUP,https://www.vanguardngr.com/2023/06/cupp-to-service-chiefs-adopt-technology-strategy-to-tackle-nigerias-security-challenges/,https://www.vanguardngr.com/2023/06/cupp-to-service-chiefs-adopt-technology-strategy-to-tackle-nigerias-security-challenges/,0,1.0,hamming<=6;jaccard>=0.82,conservative thresholds satisfied
MERGE_NEAR_DUP,https://menafn.com/1105718174/Global-Bioremediation-Technology-And-Services-Market-Report-2022-2028-Demand-In-Mining-Petroleum-Farming-Nuclear-Power-Fuels-Growth,https://menafn.com/1105718174/Global-Bioremediation-Technology-And-Services-Market-Report-2022-2028-Demand-In-Mining-Petroleum-Farming-Nuclear-Power-Fuels-Growth,0,1.0,hamming<=6;jaccard>=0.82,conservative thresholds satisfied
MERGE_NEAR_DUP,https://www.wwlp.com/news/local-news/springfield-technology-park-renovated-space-for-new-massachusetts-department-of-developmental-services-location/,https://www.wwlp.com/news/local-news/springfield-technology-park-renovated-space-for-new-massachusetts-department-of-developmental-services-location/,0,1.0,hamming<=6;jaccard>=0.82,conservative thresholds satisfied
MERGE_NEAR_DUP,https://www.gov.uk/government/news/plan-to-forge-a-better-britain-through-science-and-technology-unveiled,https://www.gov.uk/government/news/plan-to-forge-a-better-britain-through-science-and-technology-unveiled,0,1.0,hamming<=6;jaccard>=0.82,conservative thresholds satisfied
MERGE_NEAR_DUP,https://seekingalpha.com/article/4586605-information-services-group-inc-iii-q4-2022-earnings-call-transcript,https://seekingalpha.com/article/4586605-information-services-group-inc-iii-q4-2022-earnings-call-transcript,0,1.0,hamming<=6;jaccard>=0.82,conservative thresholds satisfied
MERGE_NEAR_DUP,https://www.nextgov.com/policy/2023/01/us-and-uk-hold-first-comprehensive-dialogue-technology-and-data/381777/,https://www.nextgov.com/policy/2023/01/us-and-uk-hold-first-comprehensive-dialogue-technology-and-data/381777/,0,1.0,hamming<=6;jaccard>=0.82,conservative thresholds satisfied
MERGE_NEAR_DUP,https://www.federalregister.gov/documents/2023/06/16/2023-12925/securing-the-information-and-communications-technology-and-services-supply-chain-connected-software,https://www.federalregister.gov/documents/2007/03/02/07-951/information-technology-and-telecommunications-guidelines-for-federal-telework-and-other-alternative,0,1.0,hamming<=6;jaccard>=0.82,conservative thresholds satisfied
MERGE_NEAR_DUP,https://www.federalregister.gov/documents/2023/06/16/2023-12925/securing-the-information-and-communications-technology-and-services-supply-chain-connected-software,https://www.federalregister.gov/documents/2023/06/16/2023-12925/securing-the-information-and-communications-technology-and-services-supply-chain-connected-software,0,1.0,hamming<=6;jaccard>=0.82,conservative thresholds satisfied
MERGE_NEAR_DUP,https://www.benzinga.com/pressreleases/23/06/tr32862620/flsmidth-to-sell-non-core-activities-material-handling-technology-assets-to-koch-solutions-and-ac,https://www.benzinga.com/pressreleases/23/06/tr32862620/flsmidth-to-sell-non-core-activities-material-handling-technology-assets-to-koch-solutions-and-ac,0,1.0,hamming<=6;jaccard>=0.82,conservative thresholds satisfied
REJECT_HAMMING,https://www.benzinga.com/pressreleases/23/06/tr32862620/flsmidth-to-sell-non-core-activities-material-handling-technology-assets-to-koch-solutions-and-ac,https://www.vanguardngr.com/2023/06/cupp-to-new-service-chiefs-adopt-technology-strategy-to-tackle-security-challenges/,22,0.0,hamming<=6;jaccard>=0.82,SimHash distance above 6/64
REJECT_HAMMING,https://www.benzinga.com/pressreleases/23/06/tr32862620/flsmidth-to-sell-non-core-activities-material-handling-technology-assets-to-koch-solutions-and-ac,https://www.vanguardngr.com/2023/06/cupp-to-service-chiefs-adopt-technology-strategy-to-tackle-nigerias-security-challenges/,22,0.0,hamming<=6;jaccard>=0.82,SimHash distance above 6/64
MERGE_NEAR_DUP,https://www.reuters.com/technology/internet-companies-report-biggest-ever-denial-service-operation-2023-10-11/,https://www.reuters.com/technology/internet-companies-report-biggest-ever-denial-service-operation-2023-10-11/,0,1.0,hamming<=6;jaccard>=0.82,conservative thresholds satisfied
MERGE_NEAR_DUP,https://www.linkedin.com/pulse/big-data-technology-service-market-size-overview,https://www.linkedin.com/pulse/big-data-technology-service-market-size-overview,0,1.0,hamming<=6;jaccard>=0.82,conservative thresholds satisfied
REJECT_HAMMING,https://www.linkedin.com/pulse/global-information-technology-security-service-market,https://www.cnet.com/tech/how-we-test-products-and-services/,30,0.0,hamming<=6;jaccard>=0.82,SimHash distance above 6/64
REJECT_HAMMING,https://www.linkedin.com/pulse/global-information-technology-security-service-market,https://www.cnet.com/tech/services-and-software/best-live-tv-streaming-service-for-cord-cutters/,30,0.0,hamming<=6;jaccard>=0.82,SimHash distance above 6/64
MERGE_NEAR_DUP,https://www.linkedin.com/pulse/global-information-technology-security-service-market,https://www.linkedin.com/pulse/global-information-technology-security-service-market,0,1.0,hamming<=6;jaccard>=0.82,conservative thresholds satisfied
MERGE_NEAR_DUP,https://www.premiumtimesng.com/news/more-news/619621-well-deploy-technology-for-civil-service-reforms-tinubu.html,https://www.premiumtimesng.com/news/more-news/619621-well-deploy-technology-for-civil-service-reforms-tinubu.html,0,1.0,hamming<=6;jaccard>=0.82,conservative thresholds satisfied
MERGE_NEAR_DUP,https://www.linkedin.com/pulse/leadership-information-technology-rimon-gerges,https://www.linkedin.com/pulse/leadership-information-technology-rimon-gerges,0,1.0,hamming<=6;jaccard>=0.82,conservative thresholds satisfied
MERGE_NEAR_DUP,https://www.pcmag.com/picks/the-best-email-encryption-services,https://www.pcmag.com/picks/the-best-email-encryption-services,0,1.0,hamming<=6;jaccard>=0.82,conservative thresholds satisfied
MERGE_NEAR_DUP,https://www.charlotteobserver.com/press-releases/article273167530.html,https://www.charlotteobserver.com/press-releases/article273167530.html,0,1.0,hamming<=6;jaccard>=0.82,conservative thresholds satisfied
MERGE_NEAR_DUP,https://www.unwomen.org/en/how-we-work/innovation-and-technology/glossary,https://www.unwomen.org/en/how-we-work/innovation-and-technology/glossary,0,1.0,hamming<=6;jaccard>=0.82,conservative thresholds satisfied
MERGE_NEAR_DUP,https://www.insidermonkey.com/blog/should-you-sell-fidelity-national-information-services-fis-now-1121090/,https://www.insidermonkey.com/blog/should-you-sell-fidelity-national-information-services-fis-now-1121090/,0,1.0,hamming<=6;jaccard>=0.82,conservative thresholds satisfied
MERGE_NEAR_DUP,https://www.thedailystar.net/business/news/fintech-and-financial-services-delivering-development-3257681,https://www.thedailystar.net/business/news/fintech-and-financial-services-delivering-development-3257681,0,1.0,hamming<=6;jaccard>=0.82,conservative thresholds satisfied
MERGE_NEAR_DUP,https://mybroadband.co.za/news/industrynews/504696-advanced-project-announces-upgrade-to-tier-service-with-facial-recognition-ai-technology.html,https://mybroadband.co.za/news/industrynews/504696-advanced-project-announces-upgrade-to-tier-service-with-facial-recognition-ai-technology.html,0,1.0,hamming<=6;jaccard>=0.82,conservative thresholds satisfied
REJECT_HAMMING,https://www.canada.ca/en/atlantic-canada-opportunities/services/business-information-services.html,https://scitechdaily.com/new-study-we-are-wasting-up-to-20-percent-of-our-time-on-computer-problems/,23,0.0,hamming<=6;jaccard>=0.82,SimHash distance above 6/64
MERGE_NEAR_DUP,https://www.canada.ca/en/atlantic-canada-opportunities/services/business-information-services.html,https://www.canada.ca/en/atlantic-canada-opportunities/services/business-information-services.html,0,1.0,hamming<=6;jaccard>=0.82,conservative thresholds satisfied
MERGE_NEAR_DUP,https://www.businesswire.com/news/home/20230921863051/en/New-IDC-Industry-Taxonomy-Reveals-That-Software-and-Information-Services-Capital-Markets-and-Life-Sciences-Will-Lead-Worldwide-ICT-Spending-Growth-Through-2027/,https://www.businesswire.com/news/home/20230921863051/en/New-IDC-Industry-Taxonomy-Reveals-That-Software-and-Information-Services-Capital-Markets-and-Life-Sciences-Will-Lead-Worldwide-ICT-Spending-Growth-Through-2027/,0,1.0,hamming<=6;jaccard>=0.82,conservative thresholds satisfied
MERGE_NEAR_DUP,https://www.capella.edu/online-degrees/masters-information-technology/,https://www.capella.edu/online-degrees/masters-information-technology/,0,1.0,hamming<=6;jaccard>=0.82,conservative thresholds satisfied
MERGE_NEAR_DUP,https://www.investopedia.com/articles/markets/030816/worlds-top-10-technology-companies-aapl-googl.asp,https://www.investopedia.com/articles/markets/030816/worlds-top-10-technology-companies-aapl-googl.asp,0,1.0,hamming<=6;jaccard>=0.82,conservative thresholds satisfied
MERGE_NEAR_DUP,https://www.england.nhs.uk/publication/supporting-clinical-decisions-with-health-information-technology/,https://www.england.nhs.uk/publication/supporting-clinical-decisions-with-health-information-technology/,0,1.0,hamming<=6;jaccard>=0.82,conservative thresholds satisfied
MERGE_NEAR_DUP,https://www.tradersmagazine.com/am/integral-releases-full-crypto-technology-solution-for-banks-brokers-and-hedge-funds/,https://www.tradersmagazine.com/am/integral-releases-full-crypto-technology-solution-for-banks-brokers-and-hedge-funds/,0,1.0,hamming<=6;jaccard>=0.82,conservative thresholds satisfied
MERGE_NEAR_DUP,https://www.benzinga.com/markets/options/23/07/33234325/10-information-technology-stocks-with-whale-alerts-in-todays-session,https://www.benzinga.com/markets/options/23/07/33351284/10-information-technology-stocks-with-whale-alerts-in-todays-session,0,1.0,hamming<=6;jaccard>=0.82,conservative thresholds satisfied
MERGE_NEAR_DUP,https://www.waketech.edu/about-wake-tech/administrative-offices/information-technology-services,https://www.waketech.edu/about-wake-tech/administrative-offices/information-technology-services,0,1.0,hamming<=6;jaccard>=0.82,conservative thresholds satisfied
MERGE_NEAR_DUP,https://www.waketech.edu/programs-courses/credit/credit-programs/human-services-technology/degrees-programs/a4538c,https://www.waketech.edu/programs-courses/credit/credit-programs/human-services-technology/degrees-programs/a4538c,0,1.0,hamming<=6;jaccard>=0.82,conservative thresholds satisfied
MERGE_NEAR_DUP,https://finance.yahoo.com/news/fidelity-national-information-services-fis-095110895.html,https://www.insidermonkey.com/blog/fidelity-national-information-services-fis-shares-fell-on-investors-concerns-1162984/,0,1.0,hamming<=6;jaccard>=0.82,conservative thresholds satisfied
MERGE_NEAR_DUP,https://www.todayonline.com/commentary/commentary-use-technology-not-just-teaching-students-also-cut-hours-and-workload-educators-2080276,https://www.todayonline.com/commentary/commentary-use-technology-not-just-teaching-students-also-cut-hours-and-workload-educators-2080276,0,1.0,hamming<=6;jaccard>=0.82,conservative thresholds satisfied
MERGE_NEAR_DUP,https://www.unesco.org/en/media-information-literacy-week/awards,https://www.unesco.org/en/media-information-literacy-week/awards,0,1.0,hamming<=6;jaccard>=0.82,conservative thresholds satisfied
MERGE_NEAR_DUP,https://www.scotsman.com/news/politics/national-care-service-scotland-msps-voice-increasing-concern-and-frustration-over-lack-of-information-4117592,https://www.scotsman.com/news/politics/national-care-service-scotland-msps-voice-increasing-concern-and-frustration-over-lack-of-information-4117592,0,1.0,hamming<=6;jaccard>=0.82,conservative thresholds satisfied
MERGE_NEAR_DUP,https://www.lelezard.com/en/news-20690119.html,https://www.lelezard.com/en/news-20690119.html,0,1.0,hamming<=6;jaccard>=0.82,conservative thresholds satisfied
MERGE_NEAR_DUP,https://washingtontechnology.com/companies/2023/01/tetra-tech-acquires-application-cyber-services-outfit/381484/,https://washingtontechnology.com/companies/2023/01/tetra-tech-acquires-application-cyber-services-outfit/381484/,0,1.0,hamming<=6;jaccard>=0.82,conservative thresholds satisfied
MERGE_NEAR_DUP,https://business.inquirer.net/387271/top-business-and-technology-trends-to-drive-digital-transformation-in-ph-in-2023,https://business.inquirer.net/387271/top-business-and-technology-trends-to-drive-digital-transformation-in-ph-in-2023,0,1.0,hamming<=6;jaccard>=0.82,conservative thresholds satisfied
MERGE_NEAR_DUP,https://www.salisburypost.com/2023/04/13/tillis-announces-service-academy-information-day-for-high-school-students-on-april-15/,https://www.salisburypost.com/2023/04/13/tillis-announces-service-academy-information-day-for-high-school-students-on-april-15/,0,1.0,hamming<=6;jaccard>=0.82,conservative thresholds satisfied
REJECT_HAMMING,https://www.coloradocollege.edu/offices/mail/student-information/index.html,https://accesswdun.com/article/2023/9/1205387,31,0.0,hamming<=6;jaccard>=0.82,SimHash distance above 6/64
MERGE_NEAR_DUP,https://www.linkedin.com/pulse/5g-technology-emergency-services-market-valuation-peaking-hussain,https://www.linkedin.com/pulse/5g-technology-emergency-services-market-valuation-peaking-hussain,0,1.0,hamming<=6;jaccard>=0.82,conservative thresholds satisfied
REJECT_HAMMING,https://www.mvtimes.com/2023/02/16/ssa-look-information-technology-consultant/,https://www.reuters.com/technology/amazon-has-drawn-thousands-try-its-ai-service-competing-with-microsoft-google-2023-07-26/,25,0.0,hamming<=6;jaccard>=0.82,SimHash distance above 6/64
MERGE_NEAR_DUP,https://www.mvtimes.com/2023/02/16/ssa-look-information-technology-consultant/,https://www.mvtimes.com/2023/02/16/ssa-look-information-technology-consultant/,0,1.0,hamming<=6;jaccard>=0.82,conservative thresholds satisfied
MERGE_NEAR_DUP,https://fox2now.com/news/missouri/stlcc-groundbreaking-taking-place-today-for-new-financial-services-and-emerging-technology-centers/,https://fox2now.com/news/missouri/stlcc-groundbreaking-taking-place-today-for-new-financial-services-and-emerging-technology-centers/,0,1.0,hamming<=6;jaccard>=0.82,conservative thresholds satisfied
MERGE_NEAR_DUP,https://www.itnewsafrica.com/2023/10/diagnostic-radiological-services-inc-unveils-cutting-edge-medical-technology/,https://www.itnewsafrica.com/2023/10/diagnostic-radiological-services-inc-unveils-cutting-edge-medical-technology/,0,1.0,hamming<=6;jaccard>=0.82,conservative thresholds satisfied
MERGE_NEAR_DUP,https://www.benzinga.com/money/best-information-technology-etfs-right-now,https://www.benzinga.com/money/best-information-technology-etfs-right-now,0,1.0,hamming<=6;jaccard>=0.82,conservative thresholds satisfied
MERGE_NEAR_DUP,https://www.iaea.org/newscenter/news/iaea-profile-rola-ghneim-khreis-the-iaeas-first-woman-director-of-information-technology,https://www.iaea.org/newscenter/news/iaea-profile-rola-ghneim-khreis-the-iaeas-first-woman-director-of-information-technology,0,1.0,hamming<=6;jaccard>=0.82,conservative thresholds satisfied
REJECT_HAMMING,https://www.wsj.com/articles/tech-media-telecom-roundup-market-talk-8808d1cf,https://www.wsj.com/business/earnings/tech-media-telecom-roundup-market-talk-2990e814,11,0.6667,hamming<=6;jaccard>=0.82,SimHash distance above 6/64
REJECT_HAMMING,https://www.wsj.com/articles/tech-media-telecom-roundup-market-talk-8808d1cf,https://www.wsj.com/finance/stocks/tech-media-telecom-roundup-market-talk-8112e217,10,0.6667,hamming<=6;jaccard>=0.82,SimHash distance above 6/64
REJECT_HAMMING,https://www.wsj.com/articles/tech-media-telecom-roundup-market-talk-8808d1cf,https://www.wsj.com/finance/investing/tech-media-telecom-roundup-market-talk-83ebe23c,12,0.7273,hamming<=6;jaccard>=0.82,SimHash distance above 6/64
REJECT_HAMMING,https://timesofmalta.com/articles/view/technology-cornerstone-financial-services-reform-a2.1033875,https://finance.yahoo.com/news/life-science-health-wellness-technology-105300958.html,22,0.0,hamming<=6;jaccard>=0.82,SimHash distance above 6/64
MERGE_NEAR_DUP,https://timesofmalta.com/articles/view/technology-cornerstone-financial-services-reform-a2.1033875,https://timesofmalta.com/articles/view/technology-cornerstone-financial-services-reform-a2.1033875,0,1.0,hamming<=6;jaccard>=0.82,conservative thresholds satisfied
MERGE_NEAR_DUP,https://www.wpi.edu/news/vijay-menta-named-vice-president-and-chief-information-officer-worcester-polytechnic-institute,https://www.wpi.edu/news/vijay-menta-named-vice-president-and-chief-information-officer-worcester-polytechnic-institute,0,1.0,hamming<=6;jaccard>=0.82,conservative thresholds satisfied
MERGE_NEAR_DUP,https://www.nasdaq.com/articles/wednesday-sector-laggards:-services-technology-communications-4,https://www.nasdaq.com/articles/wednesday-sector-laggards:-services-technology-communications-4,0,1.0,hamming<=6;jaccard>=0.82,conservative thresholds satisfied
MERGE_NEAR_DUP,https://finance.yahoo.com/news/conduent-features-global-medical-information-124500226.html,https://finance.yahoo.com/news/conduent-features-global-medical-information-124500226.html,0,1.0,hamming<=6;jaccard>=0.82,conservative thresholds satisfied
MERGE_NEAR_DUP,https://www.cic.gc.ca/ENGLISH/newcomers/services/index.asp,https://www.cic.gc.ca/ENGLISH/newcomers/services/index.asp,0,1.0,hamming<=6;jaccard>=0.82,conservative thresholds satisfied
REJECT_HAMMING,https://www.spectatornews.com/campus-news/2023/04/itc-receives-annual-student-technology-survey-results/,https://www.greeleytribune.com/2023/03/02/one-call-handles-it-all-trublue-total-house-care-opening-in-greeley/,22,0.0,hamming<=6;jaccard>=0.82,SimHash distance above 6/64
MERGE_NEAR_DUP,https://www.techopedia.com/definition/24152/information-and-communications-technology-ict,https://www.techopedia.com/definition/24152/information-and-communications-technology-ict,0,1.0,hamming<=6;jaccard>=0.82,conservative thresholds satisfied
MERGE_NEAR_DUP,https://www.electronicsweekly.com/news/business/information-technology/,https://www.electronicsweekly.com/news/business/information-technology/,0,1.0,hamming<=6;jaccard>=0.82,conservative thresholds satisfied
MERGE_NEAR_DUP,https://www.technologyreview.com/2023/04/24/1071733/digital-transformation-as-a-service-is-poised-to-drive-enterprise-growth/,https://www.technologyreview.com/2023/04/24/1071733/digital-transformation-as-a-service-is-poised-to-drive-enterprise-growth/,0,1.0,hamming<=6;jaccard>=0.82,conservative thresholds satisfied
REJECT_HAMMING,https://accesswdun.com/article/2023/9/1205387,https://seekingalpha.com/article/4593865-selected-information-technology-stocks-ranked-by-value,17,0.0,hamming<=6;jaccard>=0.82,SimHash distance above 6/64
REJECT_HAMMING,https://accesswdun.com/article/2023/9/1205387,https://seekingalpha.com/article/4593865-selected-information-technology-stocks-ranked-by-value,17,0.0,hamming<=6;jaccard>=0.82,SimHash distance above 6/64
MERGE_NEAR_DUP,https://www.astuteanalytica.com/industry/information-technology,https://www.astuteanalytica.com/industry/information-technology,0,1.0,hamming<=6;jaccard>=0.82,conservative thresholds satisfied
MERGE_NEAR_DUP,https://ventureburn.com/2023/09/self-service-technology-personalisation-a-generational-blend/,https://ventureburn.com/2023/09/self-service-technology-personalisation-a-generational-blend/,0,1.0,hamming<=6;jaccard>=0.82,conservative thresholds satisfied
REJECT_HAMMING,https://www.reuters.com/technology/openai-plans-app-store-ai-software-information-2023-06-20/,https://www.buffalo.edu/administrative-services/for-faculty-staff/my-employment-information.html,21,0.0,hamming<=6;jaccard>=0.82,SimHash distance above 6/64
MERGE_NEAR_DUP,https://www.philstar.com/business/technology/2023/06/23/2276057/customer-service-outsourcing-philippines-how-advanced-technology-shaping-future,https://www.philstar.com/business/technology/2023/06/23/2276057/customer-service-outsourcing-philippines-how-advanced-technology-shaping-future,0,1.0,hamming<=6;jaccard>=0.82,conservative thresholds satisfied
MERGE_NEAR_DUP,https://www.aalto.fi/en/department-of-information-and-service-management,https://www.aalto.fi/en/department-of-information-and-service-management,0,1.0,hamming<=6;jaccard>=0.82,conservative thresholds satisfied
MERGE_NEAR_DUP,https://finance.yahoo.com/news/global-bioremediation-technology-services-market-023000444.html,https://finance.yahoo.com/news/global-bioremediation-technology-services-market-023000444.html,0,1.0,hamming<=6;jaccard>=0.82,conservative thresholds satisfied
REJECT_JACCARD,https://www.newspressnow.com/opinion/its_your_call/its-your-call-for-july-5/article_c4b1fd06-1a9e-11ee-a58d-2fbb7801914d.html,https://www.newspressnow.com/opinion/its_your_call/its-your-call-for-dec-20/article_297c71fc-7fd7-11ed-8e3f-f7c3a043d6d7.html,0,0.0,hamming<=6;jaccard>=0.82,5-gram Jaccard below 0.82
REJECT_JACCARD,https://www.newspressnow.com/opinion/its_your_call/its-your-call-for-july-5/article_c4b1fd06-1a9e-11ee-a58d-2fbb7801914d.html,https://www.newspressnow.com/opinion/its_your_call/its-your-call-for-dec-20/article_297c71fc-7fd7-11ed-8e3f-f7c3a043d6d7.html,0,0.0,hamming<=6;jaccard>=0.82,5-gram Jaccard below 0.82
REJECT_JACCARD,https://www.newspressnow.com/opinion/its_your_call/its-your-call-for-july-5/article_c4b1fd06-1a9e-11ee-a58d-2fbb7801914d.html,https://www.newspressnow.com/opinion/its_your_call/its-your-call-for-march-24/article_88d78b28-c94c-11ed-badc-439c776e82bb.html,0,0.0,hamming<=6;jaccard>=0.82,5-gram Jaccard below 0.82
REJECT_JACCARD,https://www.newspressnow.com/opinion/its_your_call/its-your-call-for-july-5/article_c4b1fd06-1a9e-11ee-a58d-2fbb7801914d.html,https://www.newspressnow.com/opinion/its_your_call/its-your-call-dec-14/article_0beebf92-7a6d-11ed-996a-dbeb3a7cb9a7.html,0,0.0,hamming<=6;jaccard>=0.82,5-gram Jaccard below 0.82
MERGE_NEAR_DUP,https://www.waketech.edu/programs-courses/credit/human-services-technology/degrees-programs,https://www.waketech.edu/programs-courses/credit/credit-programs/human-services-technology/degrees-programs/a4538e,0,1.0,hamming<=6;jaccard>=0.82,conservative thresholds satisfied
REJECT_HAMMING,https://www.waketech.edu/programs-courses/credit/human-services-technology/degrees-programs,https://www.bloomberg.com/news/articles/2023-02-13/tech-industry-layoffs-continue-to-spread-can-workers-find-new-jobs,23,0.0,hamming<=6;jaccard>=0.82,SimHash distance above 6/64
MERGE_NEAR_DUP,https://www.waketech.edu/programs-courses/credit/human-services-technology/degrees-programs,https://www.waketech.edu/programs-courses/credit/credit-programs/human-services-technology/degrees-programs/a4538e,0,1.0,hamming<=6;jaccard>=0.82,conservative thresholds satisfied
MERGE_NEAR_DUP,https://www.waketech.edu/programs-courses/credit/human-services-technology/degrees-programs,https://www.waketech.edu/programs-courses/credit/human-services-technology/degrees-programs,0,1.0,hamming<=6;jaccard>=0.82,conservative thresholds satisfied
MERGE_NEAR_DUP,https://www.wsj.com/articles/tech-media-telecom-roundup-market-talk-442fa2ac,https://www.wsj.com/finance/investing/tech-media-telecom-roundup-market-talk-c5901a2c,0,1.0,hamming<=6;jaccard>=0.82,conservative thresholds satisfied
MERGE_NEAR_DUP,https://www.wsj.com/articles/tech-media-telecom-roundup-market-talk-442fa2ac,https://www.wsj.com/articles/tech-media-telecom-roundup-market-talk-2544792f,0,1.0,hamming<=6;jaccard>=0.82,conservative thresholds satisfied
MERGE_NEAR_DUP,https://www.wsj.com/articles/tech-media-telecom-roundup-market-talk-442fa2ac,https://www.wsj.com/finance/investing/tech-media-telecom-roundup-market-talk-6d2fa57,0,1.0,hamming<=6;jaccard>=0.82,conservative thresholds satisfied
MERGE_NEAR_DUP,https://www.wsj.com/articles/tech-media-telecom-roundup-market-talk-442fa2ac,https://www.wsj.com/articles/tech-media-telecom-roundup-market-talk-93d3090,0,1.0,hamming<=6;jaccard>=0.82,conservative thresholds satisfied
MERGE_NEAR_DUP,https://www.wsj.com/articles/tech-media-telecom-roundup-market-talk-442fa2ac,https://www.wsj.com/articles/tech-media-telecom-roundup-market-talk-2b75b99a,0,1.0,hamming<=6;jaccard>=0.82,conservative thresholds satisfied
MERGE_NEAR_DUP,https://www.cbsnews.com/miami/latest/cbs-essentials/tech/410/,https://www.cbsnews.com/miami/latest/cbs-essentials/tech/240/,0,1.0,hamming<=6;jaccard>=0.82,conservative thresholds satisfied
MERGE_NEAR_DUP,https://www.insidermonkey.com/blog/12-best-information-technology-services-stocks-to-buy-1145218/,https://finance.yahoo.com/news/12-best-information-technology-services-134510190.html,0,1.0,hamming<=6;jaccard>=0.82,conservative thresholds satisfied
MERGE_NEAR_DUP,https://www.pharmiweb.com/press-release/2023-02-16/viral-clearance-and-viral-testing-services-global-market-report-2023-streamlined-manufacturing-and,https://www.pharmiweb.com/press-release/2023-02-16/viral-clearance-and-viral-testing-services-global-market-report-2023-streamlined-manufacturing-and,0,1.0,hamming<=6;jaccard>=0.82,conservative thresholds satisfied
REJECT_HAMMING,https://www.wsj.com/articles/tech-media-telecom-roundup-market-talk-7e333db4,https://www.wsj.com/articles/tech-media-telecom-roundup-market-talk-51036349,12,0.5294,hamming<=6;jaccard>=0.82,SimHash distance above 6/64
REJECT_HAMMING,https://www.wsj.com/articles/tech-media-telecom-roundup-market-talk-7e333db4,https://www.wsj.com/articles/tech-media-telecom-roundup-market-talk-aeb01d68,11,0.5625,hamming<=6;jaccard>=0.82,SimHash distance above 6/64
REJECT_HAMMING,https://www.wsj.com/articles/tech-media-telecom-roundup-market-talk-7e333db4,https://www.zawya.com/en/press-release/companies-news/deloitte-launches-jordan-digital-center-to-provide-middle-east-clients-professional-digital-and-technology-services-ea1f68n9,23,0.0,hamming<=6;jaccard>=0.82,SimHash distance above 6/64
MERGE_NEAR_DUP,https://www.lelezard.com/en/news-20790288.html,https://www.lelezard.com/en/news-20790288.html,0,1.0,hamming<=6;jaccard>=0.82,conservative thresholds satisfied
REJECT_HAMMING,https://www.wsj.com/articles/tech-media-telecom-roundup-market-talk-e03fce2a,https://www.wsj.com/articles/tech-media-telecom-roundup-market-talk-8936e897,9,0.6,hamming<=6;jaccard>=0.82,SimHash distance above 6/64
REJECT_HAMMING,https://www.wsj.com/articles/tech-media-telecom-roundup-market-talk-e03fce2a,https://www.wsj.com/articles/tech-media-telecom-roundup-market-talk-8dabb8ec,11,0.6,hamming<=6;jaccard>=0.82,SimHash distance above 6/64
MERGE_NEAR_DUP,https://technology.inquirer.net/121718/customer-service-philippines-how-nlp-is-revolutionizing-the-airline-industry,https://technology.inquirer.net/121718/customer-service-philippines-how-nlp-is-revolutionizing-the-airline-industry,0,1.0,hamming<=6;jaccard>=0.82,conservative thresholds satisfied
MERGE_NEAR_DUP,https://www.zdnet.com/article/microsoft-heres-how-our-technology-disrupts-ransomware-and-phishing-attacks/,https://www.zdnet.com/article/microsoft-heres-how-our-technology-disrupts-ransomware-and-phishing-attacks/,0,1.0,hamming<=6;jaccard>=0.82,conservative thresholds satisfied
MERGE_NEAR_DUP,https://www.marketwatch.com/press-release/big-data-technology-and-service-market-trends-and-forecast-a-comprehensive-analysis-2023-2028-2023-02-27,https://www.marketwatch.com/press-release/big-data-technology-and-service-market-trends-and-forecast-a-comprehensive-analysis-2023-2028-2023-02-27,0,1.0,hamming<=6;jaccard>=0.82,conservative thresholds satisfied
MERGE_NEAR_DUP,https://www.wsj.com/business/telecom/tech-media-telecom-roundup-market-talk-91090ac7,https://www.wsj.com/articles/tech-media-telecom-roundup-market-talk-dba275ec,0,1.0,hamming<=6;jaccard>=0.82,conservative thresholds satisfied
MERGE_NEAR_DUP,https://www.wsj.com/business/telecom/tech-media-telecom-roundup-market-talk-91090ac7,https://www.wsj.com/articles/tech-media-telecom-roundup-market-talk-26e23e99,0,1.0,hamming<=6;jaccard>=0.82,conservative thresholds satisfied
MERGE_NEAR_DUP,https://www.wsj.com/business/telecom/tech-media-telecom-roundup-market-talk-91090ac7,https://www.wsj.com/articles/tech-media-telecom-roundup-market-talk-11674827392,0,1.0,hamming<=6;jaccard>=0.82,conservative thresholds satisfied
MERGE_NEAR_DUP,https://health.usnews.com/health-care/for-better/articles/pros-and-cons-of-technology-in-health-care,https://health.usnews.com/health-care/for-better/articles/pros-and-cons-of-technology-in-health-care,0,1.0,hamming<=6;jaccard>=0.82,conservative thresholds satisfied
MERGE_NEAR_DUP,https://www.businesswire.com/news/home/20230817262867/en/,https://www.businesswire.com/news/home/20230817262867/en/,0,1.0,hamming<=6;jaccard>=0.82,conservative thresholds satisfied
MERGE_NEAR_DUP,https://www.msn.com/en-us/news/technology/411-is-going-out-of-service-for-millions-of-americans/ar-AA164SrW,https://www.cnn.com/2023/01/07/business/telephone-operators-411-att-ctpr/index.html,0,1.0,hamming<=6;jaccard>=0.82,conservative thresholds satisfied
MERGE_NEAR_DUP,https://www.dailymirror.lk/business/National-Information-Technology-and-Business-Process-Management-Week-to-kick-off-in-October/215-267846,https://www.dailymirror.lk/business/National-Information-Technology-and-Business-Process-Management-Week-to-kick-off-in-October/215-267846,0,1.0,hamming<=6;jaccard>=0.82,conservative thresholds satisfied
REJECT_HAMMING,https://www.linkedin.com/advice/0/what-role-technology-omnichannel-service,https://www.hwdsb.on.ca/secondary/programs/shsm/information-communications-technology-shsm/,20,0.0,hamming<=6;jaccard>=0.82,SimHash distance above 6/64
MERGE_NEAR_DUP,https://www.linkedin.com/advice/0/what-role-technology-omnichannel-service,https://www.linkedin.com/advice/0/what-role-technology-omnichannel-service,0,1.0,hamming<=6;jaccard>=0.82,conservative thresholds satisfied
MERGE_NEAR_DUP,https://www.washingtonpost.com/technology/2022/12/24/elon-musk-twitter-funders/,https://www.washingtonpost.com/technology/2022/12/24/elon-musk-twitter-funders/,0,1.0,hamming<=6;jaccard>=0.82,conservative thresholds satisfied
MERGE_NEAR_DUP,https://www.jagranjosh.com/articles/rajasthan-board-rbse-class-10th-information-technology-syllabus-download-pdf-1672057780-1,https://www.jagranjosh.com/articles/rajasthan-board-rbse-class-10th-information-technology-syllabus-download-pdf-1672057780-1,0,1.0,hamming<=6;jaccard>=0.82,conservative thresholds satisfied
REJECT_HAMMING,https://www.moneycontrol.com/news/business/stocks/trade-spotlight-your-strategy-for-hdfc-bank-lt-technology-services-hpcl-today-11406451.html,https://www.fool.com/investing/2023/02/25/2-cheap-tech-stocks-to-buy-right-now/,19,0.0,hamming<=6;jaccard>=0.82,SimHash distance above 6/64
MERGE_NEAR_DUP,https://www.moneycontrol.com/news/business/stocks/trade-spotlight-your-strategy-for-hdfc-bank-lt-technology-services-hpcl-today-11406451.html,https://www.moneycontrol.com/news/business/stocks/trade-spotlight-your-strategy-for-hdfc-bank-lt-technology-services-hpcl-today-11406451.html,0,1.0,hamming<=6;jaccard>=0.82,conservative thresholds satisfied
MERGE_NEAR_DUP,https://finance.yahoo.com/news/dlh-strengthens-information-technology-cyber-210000289.html,https://finance.yahoo.com/news/dlh-strengthens-information-technology-cyber-210000289.html,0,1.0,hamming<=6;jaccard>=0.82,conservative thresholds satisfied
MERGE_NEAR_DUP,https://www.hstoday.us/industry/industry-news/maximus-names-elisabeth-schmidt-as-senior-vice-president-for-technology-and-consulting-services/,https://www.hstoday.us/industry/industry-news/maximus-names-elisabeth-schmidt-as-senior-vice-president-for-technology-and-consulting-services/,0,1.0,hamming<=6;jaccard>=0.82,conservative thresholds satisfied
REJECT_HAMMING,https://www.reuters.com/technology/amazon-has-drawn-thousands-try-its-ai-service-competing-with-microsoft-google-2023-07-26/,https://www.mvtimes.com/2023/02/16/ssa-look-information-technology-consultant/,25,0.0,hamming<=6;jaccard>=0.82,SimHash distance above 6/64
MERGE_NEAR_DUP,https://indianexpress.com/article/technology/artificial-intelligence/amazon-has-drawn-thousands-to-try-its-ai-service-competing-with-microsoft-google-8862614/,https://indianexpress.com/article/technology/artificial-intelligence/amazon-has-drawn-thousands-to-try-its-ai-service-competing-with-microsoft-google-8862614/,0,1.0,hamming<=6;jaccard>=0.82,conservative thresholds satisfied
MERGE_NEAR_DUP,https://timesofindia.indiatimes.com/blogs/voices/top-in-demand-information-technology-jobs-during-hiring-freezes/,https://timesofindia.indiatimes.com/blogs/voices/top-in-demand-information-technology-jobs-during-hiring-freezes/,0,1.0,hamming<=6;jaccard>=0.82,conservative thresholds satisfied
MERGE_NEAR_DUP,https://www.medpagetoday.com/practicemanagement/informationtechnology,https://www.medpagetoday.com/practicemanagement/informationtechnology,0,1.0,hamming<=6;jaccard>=0.82,conservative thresholds satisfied
MERGE_NEAR_DUP,https://www.technologyreview.com/2023/06/05/1073787/proactive-and-predictive-tools-for-transformation/,https://www.technologyreview.com/2023/06/05/1073787/proactive-and-predictive-tools-for-transformation/,0,1.0,hamming<=6;jaccard>=0.82,conservative thresholds satisfied
MERGE_NEAR_DUP,https://www.marketwatch.com/press-release/bioremediation-technology-and-services-market-size-2023-2029-industry-share-growth-factor-revenue-and-trends-outlook-report-2022-12-18,https://www.marketwatch.com/press-release/bioremediation-technology-and-services-market-size-2023-2029-industry-share-growth-factor-revenue-and-trends-outlook-report-2022-12-18,0,1.0,hamming<=6;jaccard>=0.82,conservative thresholds satisfied
MERGE_NEAR_DUP,https://stockhouse.com/news/press-releases/2023/07/26/more-brazilian-firms-are-turning-to-hybrid-clouds-for-help,https://stockhouse.com/news/press-releases/2023/06/28/cautious-u-s-firms-still-seeking-benefits-of-hybrid-clouds,0,1.0,hamming<=6;jaccard>=0.82,conservative thresholds satisfied
MERGE_NEAR_DUP,https://www.achrnews.com/articles/147375-trane-and-american-standard-launch-link-communication-technology,https://www.achrnews.com/articles/147375-trane-and-american-standard-launch-link-communication-technology,0,1.0,hamming<=6;jaccard>=0.82,conservative thresholds satisfied
MERGE_NEAR_DUP,https://www.pennlive.com/news/2023/07/shapiro-taps-comcast-executive-as-administrations-information-technology-chief.html,https://www.pennlive.com/news/2023/07/shapiro-taps-comcast-executive-as-administrations-information-technology-chief.html,0,1.0,hamming<=6;jaccard>=0.82,conservative thresholds satisfied
MERGE_NEAR_DUP,https://www.benzinga.com/pressreleases/22/12/n30111585/new-york-institute-of-technology-expands-partnership-with-everspring-to-launch-two-new-masters-pro,https://www.benzinga.com/pressreleases/22/12/n30111585/new-york-institute-of-technology-expands-partnership-with-everspring-to-launch-two-new-masters-pro,0,1.0,hamming<=6;jaccard>=0.82,conservative thresholds satisfied
REJECT_HAMMING,https://www.benzinga.com/pressreleases/22/12/n30111585/new-york-institute-of-technology-expands-partnership-with-everspring-to-launch-two-new-masters-pro,https://www.eurekalert.org/news-releases/976830,25,0.0,hamming<=6;jaccard>=0.82,SimHash distance above 6/64
MERGE_NEAR_DUP,https://techbullion.com/technology-consulting-and-full-stack-mobile-app-development-interview-with-andrew-drach-ceo-and-co-founder-of-solwey-consulting/,https://techbullion.com/technology-consulting-and-full-stack-mobile-app-development-interview-with-andrew-drach-ceo-and-co-founder-of-solwey-consulting/,0,1.0,hamming<=6;jaccard>=0.82,conservative thresholds satisfied
MERGE_NEAR_DUP,https://www.linkedin.com/advice/0/what-some-latest-trends-innovations-vpn-technology-services,https://www.linkedin.com/advice/0/what-some-latest-trends-innovations-vpn-technology-services,0,1.0,hamming<=6;jaccard>=0.82,conservative thresholds satisfied
MERGE_NEAR_DUP,https://www.devdiscourse.com/article/technology/2301347-dot-dials-telcos-on-call-drops-service-quality-issues-discusses-interventions-measures-needed,https://www.devdiscourse.com/article/technology/2301347-dot-dials-telcos-on-call-drops-service-quality-issues-discusses-interventions-measures-needed,0,1.0,hamming<=6;jaccard>=0.82,conservative thresholds satisfied
MERGE_NEAR_DUP,https://www.newswire.ca/news-releases/discovery-life-sciences-launches-world-class-proteomic-services-division-supported-by-leading-technology-partners-875696302.html,https://www.newswire.ca/news-releases/discovery-life-sciences-launches-world-class-proteomic-services-division-supported-by-leading-technology-partners-875696302.html,0,1.0,hamming<=6;jaccard>=0.82,conservative thresholds satisfied
REJECT_HAMMING,https://www.fool.com/investing/2023/02/25/2-cheap-tech-stocks-to-buy-right-now/,https://www.moneycontrol.com/news/business/stocks/trade-spotlight-your-strategy-for-hdfc-bank-lt-technology-services-hpcl-today-11406451.html,19,0.0,hamming<=6;jaccard>=0.82,SimHash distance above 6/64
MERGE_NEAR_DUP,https://www.nasdaq.com/articles/3-stocks-to-watch-from-a-promising-technology-services-industry,https://www.nasdaq.com/articles/3-stocks-to-watch-from-a-promising-technology-services-industry,0,1.0,hamming<=6;jaccard>=0.82,conservative thresholds satisfied
REJECT_HAMMING,https://www.nasdaq.com/articles/3-stocks-to-watch-from-a-promising-technology-services-industry,https://www.msn.com/en-gb/money/other/classy-five-word-response-from-pub-to-customer-s-complaint-after-waiting-15-minutes-for-carvery/ar-AA15RwXx,21,0.0,hamming<=6;jaccard>=0.82,SimHash distance above 6/64
MERGE_NEAR_DUP,https://finance.yahoo.com/news/information-technology-global-market-report-132400336.html,https://finance.yahoo.com/news/information-technology-global-market-report-132400336.html,0,1.0,hamming<=6;jaccard>=0.82,conservative thresholds satisfied
REJECT_HAMMING,https://www.wsj.com/business/earnings/tech-media-telecom-roundup-market-talk-2990e814,https://www.wsj.com/finance/stocks/tech-media-telecom-roundup-market-talk-8112e217,13,0.5714,hamming<=6;jaccard>=0.82,SimHash distance above 6/64
REJECT_HAMMING,https://www.wsj.com/business/earnings/tech-media-telecom-roundup-market-talk-2990e814,https://www.wsj.com/finance/investing/tech-media-telecom-roundup-market-talk-83ebe23c,11,0.6154,hamming<=6;jaccard>=0.82,SimHash distance above 6/64
MERGE_NEAR_DUP,https://www.livemint.com/companies/news/reliance-agm-2023-from-jio-true5g-to-jio-smart-home-services-here-are-key-technology-announcements-11693213347070.html,https://www.livemint.com/companies/news/reliance-agm-2023-from-jio-true5g-to-jio-smart-home-services-here-are-key-technology-announcements-11693213347070.html,0,1.0,hamming<=6;jaccard>=0.82,conservative thresholds satisfied
MERGE_NEAR_DUP,https://www.gov.uk/guidance/connect-to-a-supported-accommodation-service-sc2,https://www.gov.uk/guidance/connect-to-a-supported-accommodation-service-sc2,0,1.0,hamming<=6;jaccard>=0.82,conservative thresholds satisfied
MERGE_NEAR_DUP,https://www.unison.org.uk/get-help/services-support/there-for-you,https://www.unison.org.uk/get-help/services-support/there-for-you,0,1.0,hamming<=6;jaccard>=0.82,conservative thresholds satisfied
MERGE_NEAR_DUP,https://www.fijitimes.com/flight-information-service-withdrawal/,https://www.fijitimes.com/flight-information-service-withdrawal/,0,1.0,hamming<=6;jaccard>=0.82,conservative thresholds satisfied
REJECT_HAMMING,https://www.wsj.com/articles/tech-media-telecom-roundup-market-talk-aeb01d68,https://www.wsj.com/articles/tech-media-telecom-roundup-market-talk-8b97601,18,0.3158,hamming<=6;jaccard>=0.82,SimHash distance above 6/64
MERGE_NEAR_DUP,https://www.govexec.com/technology/2022/12/omnibus-funding-bill-includes-50-million-tmf-90-million-citizen-services-fund/381177/,https://www.govexec.com/technology/2022/12/omnibus-funding-bill-includes-50-million-tmf-90-million-citizen-services-fund/381177/,0,1.0,hamming<=6;jaccard>=0.82,conservative thresholds satisfied
MERGE_NEAR_DUP,https://www.govexec.com/technology/2022/12/omnibus-funding-bill-includes-50-million-tmf-90-million-citizen-services-fund/381177/,https://www.govexec.com/technology/2022/12/omnibus-funding-bill-includes-50-million-tmf-90-million-citizen-services-fund/381177/,0,1.0,hamming<=6;jaccard>=0.82,conservative thresholds satisfied
MERGE_NEAR_DUP,https://www.govexec.com/technology/2022/12/omnibus-funding-bill-includes-50-million-tmf-90-million-citizen-services-fund/381177/,https://www.govexec.com/technology/2022/12/omnibus-funding-bill-includes-50-million-tmf-90-million-citizen-services-fund/381177/,0,1.0,hamming<=6;jaccard>=0.82,conservative thresholds satisfied
MERGE_NEAR_DUP,https://sf.gov/departments/committee-information-technology-coit,https://sf.gov/departments/committee-information-technology-coit,0,1.0,hamming<=6;jaccard>=0.82,conservative thresholds satisfied
MERGE_NEAR_DUP,https://www.businesswireindia.com/lt-technology-services-and-qualcomm-selected-by-thales-for-enabling-5g-private-networks-in-urban-railways-83167.html,https://www.businesswireindia.com/lt-technology-services-and-qualcomm-selected-by-thales-for-enabling-5g-private-networks-in-urban-railways-83167.html,0,1.0,hamming<=6;jaccard>=0.82,conservative thresholds satisfied
MERGE_NEAR_DUP,https://www.indiatvnews.com/technology/news/gmail-faces-service-disruption-google-mail-delivery-system-latest-updates-2022-12-10-830264,https://www.indiatvnews.com/technology/news/gmail-faces-service-disruption-google-mail-delivery-system-latest-updates-2022-12-10-830264,0,1.0,hamming<=6;jaccard>=0.82,conservative thresholds satisfied
REJECT_HAMMING,https://www.forbes.com/sites/theyec/2022/12/27/eight-technologies-that-could-have-an-exciting-impact-on-business-in-2023/,https://www.linkedin.com/pulse/ai-testing-services-market-size-information-technology,22,0.0,hamming<=6;jaccard>=0.82,SimHash distance above 6/64
MERGE_NEAR_DUP,https://www.cnet.com/tech/services-and-software/nasa-plus-streaming-service-is-coming-soon/,https://www.cnet.com/tech/services-and-software/nasa-plus-streaming-service-is-coming-soon/,0,1.0,hamming<=6;jaccard>=0.82,conservative thresholds satisfied
MERGE_NEAR_DUP,https://www.wsj.com/finance/investing/tech-media-telecom-roundup-market-talk-c5901a2c,https://www.wsj.com/articles/tech-media-telecom-roundup-market-talk-2544792f,0,1.0,hamming<=6;jaccard>=0.82,conservative thresholds satisfied
MERGE_NEAR_DUP,https://www.wsj.com/finance/investing/tech-media-telecom-roundup-market-talk-c5901a2c,https://www.wsj.com/finance/investing/tech-media-telecom-roundup-market-talk-6d2fa57,0,1.0,hamming<=6;jaccard>=0.82,conservative thresholds satisfied
MERGE_NEAR_DUP,https://www.wsj.com/finance/investing/tech-media-telecom-roundup-market-talk-c5901a2c,https://www.wsj.com/articles/tech-media-telecom-roundup-market-talk-93d3090,0,1.0,hamming<=6;jaccard>=0.82,conservative thresholds satisfied
MERGE_NEAR_DUP,https://www.wsj.com/finance/investing/tech-media-telecom-roundup-market-talk-c5901a2c,https://www.wsj.com/articles/tech-media-telecom-roundup-market-talk-2b75b99a,0,1.0,hamming<=6;jaccard>=0.82,conservative thresholds satisfied
MERGE_NEAR_DUP,https://www.tmcnet.com/usubmit/2023/09/13/9879873.htm,https://www.tmcnet.com/usubmit/2023/09/13/9879873.htm,0,1.0,hamming<=6;jaccard>=0.82,conservative thresholds satisfied
MERGE_NEAR_DUP,https://www.nhs.uk/nhs-services/hospitals/what-is-pals-patient-advice-and-liaison-service/,https://www.nhs.uk/nhs-services/hospitals/what-is-pals-patient-advice-and-liaison-service/,0,1.0,hamming<=6;jaccard>=0.82,conservative thresholds satisfied
MERGE_NEAR_DUP,https://www.forbes.com/advisor/business/software/best-voip-service/,https://www.forbes.com/advisor/business/software/best-voip-service/,0,1.0,hamming<=6;jaccard>=0.82,conservative thresholds satisfied
MERGE_NEAR_DUP,https://www.nasdaq.com/articles/friday-sector-laggards:-services-technology-communications-0,https://www.nasdaq.com/articles/friday-sector-laggards:-services-technology-communications-0,0,1.0,hamming<=6;jaccard>=0.82,conservative thresholds satisfied
MERGE_NEAR_DUP,https://indianexpress.com/article/technology/tech-news-technology/what-is-digital-services-act-eu-8910781/,https://indianexpress.com/article/technology/tech-news-technology/what-is-digital-services-act-eu-8910781/,0,1.0,hamming<=6;jaccard>=0.82,conservative thresholds satisfied
MERGE_NEAR_DUP,https://markets.businessinsider.com/news/stocks/converge-technology-solutions-corp-announces-houlihan-lokey-capital-inc-and-canaccord-genuity-corp-as-co-financial-advisors-1031965173,https://markets.businessinsider.com/news/stocks/converge-technology-solutions-corp-announces-houlihan-lokey-capital-inc-and-canaccord-genuity-corp-as-co-financial-advisors-1031965173,0,1.0,hamming<=6;jaccard>=0.82,conservative thresholds satisfied
REJECT_HAMMING,https://finance.yahoo.com/news/3-stocks-watch-promising-technology-171500999.html,https://www.engineeringnews.co.za/article/university-of-pretoria-faculty-of-engineering-built-environment-and-information-technology-where-smart-cities-disruptive-engineering-and-machine-learning-meet-2023-02-23,25,0.0,hamming<=6;jaccard>=0.82,SimHash distance above 6/64
MERGE_NEAR_DUP,https://finance.yahoo.com/news/3-stocks-watch-promising-technology-171500999.html,https://finance.yahoo.com/news/3-stocks-watch-promising-technology-171500999.html,0,1.0,hamming<=6;jaccard>=0.82,conservative thresholds satisfied
MERGE_NEAR_DUP,https://www.nasdaq.com/articles/evernorth-health-services-buys-bright.md-technology-platform,https://www.nasdaq.com/articles/evernorth-health-services-buys-bright.md-technology-platform,0,1.0,hamming<=6;jaccard>=0.82,conservative thresholds satisfied
MERGE_NEAR_DUP,https://www.nasdaq.com/articles/4-stocks-from-the-prospering-technology-services-market,https://www.nasdaq.com/articles/4-stocks-from-the-prospering-technology-services-market,0,1.0,hamming<=6;jaccard>=0.82,conservative thresholds satisfied
REJECT_HAMMING,https://www.travel.taipei/en/information/mobileservice,https://biztechmagazine.com/article/2023/03/mini-pcs-vs-laptops-whats-difference-and-what-right-your-organization,20,0.0,hamming<=6;jaccard>=0.82,SimHash distance above 6/64
MERGE_NEAR_DUP,https://www.travel.taipei/en/information/mobileservice,https://www.travel.taipei/en/information/mobileservice,0,1.0,hamming<=6;jaccard>=0.82,conservative thresholds satisfied
MERGE_NEAR_DUP,https://www.travel.taipei/en/information/servicecenter,https://www.travel.taipei/en/information/servicecenter,0,1.0,hamming<=6;jaccard>=0.82,conservative thresholds satisfied
MERGE_NEAR_DUP,https://www.bleepingcomputer.com/tag/information-technology/,https://www.bleepingcomputer.com/tag/information-technology/,0,1.0,hamming<=6;jaccard>=0.82,conservative thresholds satisfied
MERGE_NEAR_DUP,https://247wallst.com/investing/2023/08/25/evercore-isi-group-downgrades-fidelity-national-information-services/,https://247wallst.com/investing/2023/08/25/evercore-isi-group-downgrades-fidelity-national-information-services/,0,1.0,hamming<=6;jaccard>=0.82,conservative thresholds satisfied
MERGE_NEAR_DUP,https://abc7news.com/411-out-of-service-att-customers-landlines/12671256/,https://abc7chicago.com/411-out-of-service-att-customers-landlines/12671256/,0,1.0,hamming<=6;jaccard>=0.82,conservative thresholds satisfied
MERGE_NEAR_DUP,https://abc7news.com/411-out-of-service-att-customers-landlines/12671256/,https://abc7news.com/411-out-of-service-att-customers-landlines/12671256/,0,1.0,hamming<=6;jaccard>=0.82,conservative thresholds satisfied
MERGE_NEAR_DUP,https://news.yahoo.com/tech-policy-takes-stage-vegas-003205263.html,https://www.yahoo.com/now/tech-policy-takes-stage-vegas-003205263.html,0,1.0,hamming<=6;jaccard>=0.82,conservative thresholds satisfied
MERGE_NEAR_DUP,https://www.cnbc.com/2022/12/21/cramer-says-he-likes-these-technology-and-real-estate-stocks-for-2023.html,https://www.cnbc.com/2022/12/21/cramer-says-he-likes-these-technology-and-real-estate-stocks-for-2023.html,0,1.0,hamming<=6;jaccard>=0.82,conservative thresholds satisfied
MERGE_NEAR_DUP,https://www.ou.edu/admissions/academics/find-your-major,https://www.ou.edu/admissions/academics/find-your-major,0,1.0,hamming<=6;jaccard>=0.82,conservative thresholds satisfied
REJECT_HAMMING,https://www.cleveland.com/betting/2023/10/bet365-bonus-code-clexlm-jaguars-saints-150-bonus-1k-safety-net-bet.html,https://advantageslist.com/top-10-exceptional-features-of-computer/,27,0.0,hamming<=6;jaccard>=0.82,SimHash distance above 6/64
MERGE_NEAR_DUP,https://www.sidneydailynews.com/2023/02/23/information-technology-department-has-successful-year/,https://www.sidneydailynews.com/2023/02/23/information-technology-department-has-successful-year/,0,1.0,hamming<=6;jaccard>=0.82,conservative thresholds satisfied
MERGE_NEAR_DUP,https://www.benzinga.com/pressreleases/23/02/n30691913/crowley-awarded-prime-u-s-contract-position-for-technology-strategic-services,https://www.benzinga.com/pressreleases/23/02/n30691913/crowley-awarded-prime-u-s-contract-position-for-technology-strategic-services,0,1.0,hamming<=6;jaccard>=0.82,conservative thresholds satisfied
MERGE_NEAR_DUP,https://dunyanews.tv/en/Technology/682570-Pakistan-earns-854-million-dollars-from-IT-services-export-in-4-months,https://dunyanews.tv/en/Technology/682570-Pakistan-earns-854-million-dollars-from-IT-services-export-in-4-months,0,1.0,hamming<=6;jaccard>=0.82,conservative thresholds satisfied
REJECT_HAMMING,https://www.wsj.com/finance/investing/tech-media-telecom-roundup-market-talk-18f211bc,https://www.wsj.com/finance/stocks/tech-media-telecom-roundup-market-talk-6e683ac2,14,0.5714,hamming<=6;jaccard>=0.82,SimHash distance above 6/64
MERGE_NEAR_DUP,https://www.aei.org/policy-areas/technology-and-innovation/,https://www.aei.org/policy-areas/technology-and-innovation/,0,1.0,hamming<=6;jaccard>=0.82,conservative thresholds satisfied
MERGE_NEAR_DUP,https://www.eastbaytimes.com/2023/06/05/tech-oakland-biotech-real-estate-hub-develop-build-economy-jobs/,https://www.eastbaytimes.com/2023/06/05/tech-oakland-biotech-real-estate-hub-develop-build-economy-jobs/?bingParse,0,1.0,hamming<=6;jaccard>=0.82,conservative thresholds satisfied
REJECT_HAMMING,https://www.msn.com/en-us/money/other/california-s-tech-sector-will-soon-have-to-contend-with-a-new-right-to-repair-law/ar-AA1gF2c1,https://www.thefastmode.com/technology-solutions/31217-mwaretv-to-showcase-one-stop-managed-iptv-service-at-nab,14,0.0,hamming<=6;jaccard>=0.82,SimHash distance above 6/64
MERGE_NEAR_DUP,https://www.theguardian.com/technology/2023/may/22/facebook-fined-mishandling-user-information-ireland-eu-meta,https://www.theguardian.com/technology/2023/may/22/facebook-fined-mishandling-user-information-ireland-eu-meta,0,1.0,hamming<=6;jaccard>=0.82,conservative thresholds satisfied
MERGE_NEAR_DUP,https://www.bizjournals.com/seattle/news/2023/08/30/tech-layoffs-job-openings-recession.html,https://www.bizjournals.com/triad/news/2023/08/30/tech-layoffs-job-openings-recession.html,0,1.0,hamming<=6;jaccard>=0.82,conservative thresholds satisfied
MERGE_NEAR_DUP,https://www.plasticstoday.com/materials/ravago-americas-acquires-polymer-technology-services,https://www.plasticstoday.com/materials/ravago-americas-acquires-polymer-technology-services,0,1.0,hamming<=6;jaccard>=0.82,conservative thresholds satisfied
MERGE_NEAR_DUP,https://www.suasnews.com/2022/12/altitude-angel-and-saab-to-partner-on-digital-tower-technology/,https://www.suasnews.com/2022/12/altitude-angel-and-saab-to-partner-on-digital-tower-technology/,0,1.0,hamming<=6;jaccard>=0.82,conservative thresholds satisfied
REJECT_HAMMING,https://www.msn.com/en-us/money/other/big-tech-s-squeeze-of-technology-innovators-is-costing-you-more-for-apps-and-other-internet-services/ar-AA16TCKM,https://technews.tmcnet.com/news/2023/07/10/9845178.htm,23,0.0,hamming<=6;jaccard>=0.82,SimHash distance above 6/64
REJECT_HAMMING,https://www.wsj.com/articles/tech-media-telecom-roundup-market-talk-6112e3c3,https://www.wsj.com/articles/tech-media-telecom-roundup-market-talk-532a37f4,9,0.6,hamming<=6;jaccard>=0.82,SimHash distance above 6/64
REJECT_HAMMING,https://www.wsj.com/articles/tech-media-telecom-roundup-market-talk-6112e3c3,https://www.wsj.com/articles/tech-media-telecom-roundup-market-talk-8dabb8ec,11,0.6429,hamming<=6;jaccard>=0.82,SimHash distance above 6/64
MERGE_NEAR_DUP,https://finance.yahoo.com/news/information-technology-coalition-inc-announces-220200881.html,https://finance.yahoo.com/news/information-technology-coalition-inc-announces-220200881.html,0,1.0,hamming<=6;jaccard>=0.82,conservative thresholds satisfied
MERGE_NEAR_DUP,https://finance.yahoo.com/news/fidelity-national-information-services-fis-122512628.html,https://finance.yahoo.com/news/fidelity-national-information-services-fis-122512628.html,0,1.0,hamming<=6;jaccard>=0.82,conservative thresholds satisfied
MERGE_NEAR_DUP,https://www.nextgov.com/emerging-tech/2023/01/video-game-technology-tapped-medically-train-astronauts-future-moon-and-mars-missions/382303/,https://www.nextgov.com/emerging-tech/2023/01/video-game-technology-tapped-medically-train-astronauts-future-moon-and-mars-missions/382303/,0,1.0,hamming<=6;jaccard>=0.82,conservative thresholds satisfied
MERGE_NEAR_DUP,https://www.forbes.com/sites/forbesagencycouncil/2023/10/13/the-cost-of-convenience-is-self-service-technology-hindering-meaningful-connections-and-social-skills/,https://www.forbes.com/sites/forbesagencycouncil/2023/10/13/the-cost-of-convenience-is-self-service-technology-hindering-meaningful-connections-and-social-skills/,0,1.0,hamming<=6;jaccard>=0.82,conservative thresholds satisfied
MERGE_NEAR_DUP,https://www.nytimes.com/2023/02/13/technology/technology-spending-resilient.html,https://www.nytimes.com/2023/02/13/technology/technology-spending-resilient.html,0,1.0,hamming<=6;jaccard>=0.82,conservative thresholds satisfied
MERGE_NEAR_DUP,https://www.joplinglobe.com/region/national_business/salata-salad-kitchen-announces-briton-smetzer-as-vice-president-of-information-technology/article_182d41a6-5e4f-5d55-b845-fb747f12f75c.html,https://www.joplinglobe.com/region/national_business/salata-salad-kitchen-announces-briton-smetzer-as-vice-president-of-information-technology/article_182d41a6-5e4f-5d55-b845-fb747f12f75c.html,0,1.0,hamming<=6;jaccard>=0.82,conservative thresholds satisfied
MERGE_NEAR_DUP,https://www.cbsnews.com/news/house-oversight-chief-seeks-information-from-secret-service-about-cocaine-found-in-white-house/,https://www.cbsnews.com/news/house-oversight-chief-seeks-information-from-secret-service-about-cocaine-found-in-white-house/,0,1.0,hamming<=6;jaccard>=0.82,conservative thresholds satisfied
MERGE_NEAR_DUP,https://www.cbsnews.com/sacramento/news/customer-service-getting-worse-new-survey-technology-customer-anger/,https://www.cbsnews.com/news/customer-service-getting-worse-new-survey-technology-customer-anger/,0,1.0,hamming<=6;jaccard>=0.82,conservative thresholds satisfied
MERGE_NEAR_DUP,https://www.cbsnews.com/sacramento/news/customer-service-getting-worse-new-survey-technology-customer-anger/,https://www.cbsnews.com/sacramento/news/customer-service-getting-worse-new-survey-technology-customer-anger/,0,1.0,hamming<=6;jaccard>=0.82,conservative thresholds satisfied
MERGE_NEAR_DUP,https://cloudsecurityalliance.org/blog/2023/06/16/csa-s-enterprise-architecture-technology-solution-services-tss/,https://cloudsecurityalliance.org/blog/2023/06/16/csa-s-enterprise-architecture-technology-solution-services-tss/,0,1.0,hamming<=6;jaccard>=0.82,conservative thresholds satisfied
MERGE_NEAR_DUP,https://washingtontechnology.com/contracts/2022/12/dod-awards-15b-professional-services-vehicle/381189/,https://washingtontechnology.com/contracts/2022/12/dod-awards-15b-professional-services-vehicle/381189/,0,1.0,hamming<=6;jaccard>=0.82,conservative thresholds satisfied
MERGE_NEAR_DUP,https://finance.yahoo.com/news/stericycle-chief-financial-officer-chief-110000546.html,https://finance.yahoo.com/news/stericycle-chief-financial-officer-chief-110000546.html,0,1.0,hamming<=6;jaccard>=0.82,conservative thresholds satisfied
MERGE_NEAR_DUP,https://techbullion.com/what-is-business-technology-consulting-and-why-it-matters/,https://techbullion.com/what-is-business-technology-consulting-and-why-it-matters/,0,1.0,hamming<=6;jaccard>=0.82,conservative thresholds satisfied
MERGE_NEAR_DUP,https://indianexpress.com/article/technology/tech-news-technology/whatsapp-ticketing-service-delhi-metro-8970121/,https://indianexpress.com/article/technology/tech-news-technology/whatsapp-ticketing-service-delhi-metro-8970121/,0,1.0,hamming<=6;jaccard>=0.82,conservative thresholds satisfied
MERGE_NEAR_DUP,https://www.wsj.com/articles/tech-media-telecom-roundup-market-talk-dba275ec,https://www.wsj.com/articles/tech-media-telecom-roundup-market-talk-26e23e99,0,1.0,hamming<=6;jaccard>=0.82,conservative thresholds satisfied
MERGE_NEAR_DUP,https://www.wsj.com/articles/tech-media-telecom-roundup-market-talk-dba275ec,https://www.wsj.com/articles/tech-media-telecom-roundup-market-talk-11674827392,0,1.0,hamming<=6;jaccard>=0.82,conservative thresholds satisfied
MERGE_NEAR_DUP,https://www.wsj.com/articles/tech-media-telecom-roundup-market-talk-2544792f,https://www.wsj.com/finance/investing/tech-media-telecom-roundup-market-talk-6d2fa57,0,1.0,hamming<=6;jaccard>=0.82,conservative thresholds satisfied
MERGE_NEAR_DUP,https://www.wsj.com/articles/tech-media-telecom-roundup-market-talk-2544792f,https://www.wsj.com/articles/tech-media-telecom-roundup-market-talk-93d3090,0,1.0,hamming<=6;jaccard>=0.82,conservative thresholds satisfied
MERGE_NEAR_DUP,https://www.wsj.com/articles/tech-media-telecom-roundup-market-talk-2544792f,https://www.wsj.com/articles/tech-media-telecom-roundup-market-talk-2b75b99a,0,1.0,hamming<=6;jaccard>=0.82,conservative thresholds satisfied
MERGE_NEAR_DUP,https://www.insidermonkey.com/blog/fidelity-national-information-services-fis-stock-declined-in-q4-on-financial-guidance-1120152/,https://www.insidermonkey.com/blog/fidelity-national-information-services-fis-stock-declined-in-q4-on-financial-guidance-1120152/,0,1.0,hamming<=6;jaccard>=0.82,conservative thresholds satisfied
REJECT_HAMMING,https://www.wsj.com/finance/stocks/tech-media-telecom-roundup-market-talk-8112e217,https://www.wsj.com/finance/investing/tech-media-telecom-roundup-market-talk-83ebe23c,8,0.6154,hamming<=6;jaccard>=0.82,SimHash distance above 6/64
REJECT_HAMMING,https://www.wsj.com/finance/stocks/tech-media-telecom-roundup-market-talk-8112e217,https://www.aha.org/topics/health-information-technology-hit,23,0.0,hamming<=6;jaccard>=0.82,SimHash distance above 6/64
REJECT_HAMMING,https://www.wsj.com/finance/stocks/tech-media-telecom-roundup-market-talk-8112e217,https://www.aha.org/topics/health-information-technology-hit,23,0.0,hamming<=6;jaccard>=0.82,SimHash distance above 6/64
MERGE_NEAR_DUP,https://healthtechmagazine.net/article/2023/06/3-technology-solutions-and-services-optimize-care,https://healthtechmagazine.net/article/2023/06/3-technology-solutions-and-services-optimize-care,0,1.0,hamming<=6;jaccard>=0.82,conservative thresholds satisfied
MERGE_NEAR_DUP,https://www.forbes.com/sites/theyec/2023/03/24/how-construction-entrepreneurs-can-grow-their-businesses-profits-and-environmental-sustainability-through-innovations-and-technology/,https://www.forbes.com/sites/theyec/2023/03/24/how-construction-entrepreneurs-can-grow-their-businesses-profits-and-environmental-sustainability-through-innovations-and-technology/,0,1.0,hamming<=6;jaccard>=0.82,conservative thresholds satisfied
REJECT_HAMMING,https://www.wsj.com/articles/tech-media-telecom-roundup-market-talk-ffa5104,https://www.wsj.com/articles/tech-media-telecom-roundup-market-talk-ce67b844,16,0.6,hamming<=6;jaccard>=0.82,SimHash distance above 6/64
MERGE_NEAR_DUP,https://www.qsrmagazine.com/sponsored/restaurant-tech-why-operators-need-full-service-technology-partner,https://www.qsrmagazine.com/sponsored/why-operators-need-full-service-technology-partner,0,1.0,hamming<=6;jaccard>=0.82,conservative thresholds satisfied
MERGE_NEAR_DUP,https://www.tvtechnology.com/news/netflix-is-most-popular-streaming-service-among-youth,https://www.tvtechnology.com/news/netflix-is-most-popular-streaming-service-among-youth,0,1.0,hamming<=6;jaccard>=0.82,conservative thresholds satisfied
REJECT_HAMMING,https://www.bizjournals.com/tampabay/inno/stories/fundings/2023/04/10/funding-roundup-tampa-bay-tech-startups-march.html,https://meduza.io/en/news/2023/10/04/russia-s-fsb-requests-online-services-be-required-to-collect-and-provide-users-geolocation-and-payment-information,29,0.0,hamming<=6;jaccard>=0.82,SimHash distance above 6/64
MERGE_NEAR_DUP,https://www.govconwire.com/2023/04/dla-opens-solicitation-for-follow-on-enterprise-technology-services-contract/,https://www.govconwire.com/2023/04/dla-opens-solicitation-for-follow-on-enterprise-technology-services-contract/,0,1.0,hamming<=6;jaccard>=0.82,conservative thresholds satisfied
REJECT_HAMMING,https://www.wsj.com/articles/tech-media-telecom-roundup-market-talk-ad79645f,https://www.wsj.com/articles/tech-media-telecom-roundup-market-talk-7845b46c,11,0.6429,hamming<=6;jaccard>=0.82,SimHash distance above 6/64
MERGE_NEAR_DUP,https://www.reuters.com/technology/kpmg-plans-2-bln-investment-ai-cloud-services-wsj-2023-07-11/,https://www.reuters.com/technology/kpmg-plans-2-bln-investment-ai-cloud-services-wsj-2023-07-11/,0,1.0,hamming<=6;jaccard>=0.82,conservative thresholds satisfied
MERGE_NEAR_DUP,https://www.joplinglobe.com/region/national_business/l-t-technology-services-and-qualcomm-selected-by-thales-for-enabling-5g-private-networks-in/article_a791d1aa-f05a-52e5-a912-01d31827740b.html,https://www.joplinglobe.com/region/national_business/l-t-technology-services-and-qualcomm-selected-by-thales-for-enabling-5g-private-networks-in/article_a791d1aa-f05a-52e5-a912-01d31827740b.html,0,1.0,hamming<=6;jaccard>=0.82,conservative thresholds satisfied
MERGE_NEAR_DUP,https://www.businesswire.com/news/home/20230510005126/en/Wultra-and-iProov-Partner-to-Bring-Biometric-Technology-to-Banks-and-Financial-Services-Technology-Providers/,https://www.businesswire.com/news/home/20230510005126/en/Wultra-and-iProov-Partner-to-Bring-Biometric-Technology-to-Banks-and-Financial-Services-Technology-Providers/,0,1.0,hamming<=6;jaccard>=0.82,conservative thresholds satisfied
REJECT_HAMMING,https://www.waketech.edu/programs-courses/credit/credit-programs/human-services-technology/degrees-programs/a4538e,https://www.bloomberg.com/news/articles/2023-02-13/tech-industry-layoffs-continue-to-spread-can-workers-find-new-jobs,23,0.0,hamming<=6;jaccard>=0.82,SimHash distance above 6/64
MERGE_NEAR_DUP,https://www.waketech.edu/programs-courses/credit/credit-programs/human-services-technology/degrees-programs/a4538e,https://www.waketech.edu/programs-courses/credit/credit-programs/human-services-technology/degrees-programs/a4538e,0,1.0,hamming<=6;jaccard>=0.82,conservative thresholds satisfied
MERGE_NEAR_DUP,https://www.waketech.edu/programs-courses/credit/credit-programs/human-services-technology/degrees-programs/a4538e,https://www.waketech.edu/programs-courses/credit/human-services-technology/degrees-programs,0,1.0,hamming<=6;jaccard>=0.82,conservative thresholds satisfied
MERGE_NEAR_DUP,https://www.courthousenews.com/disney-ducks-copyright-action-over-animation-technology/,https://www.courthousenews.com/disney-ducks-copyright-action-over-animation-technology/,0,1.0,hamming<=6;jaccard>=0.82,conservative thresholds satisfied
MERGE_NEAR_DUP,https://www.linkedin.com/pulse/talent-acquisition-staffing-technology-services,https://www.linkedin.com/pulse/talent-acquisition-staffing-technology-services,0,1.0,hamming<=6;jaccard>=0.82,conservative thresholds satisfied
MERGE_NEAR_DUP,https://technology.inquirer.net/125230/ai-church-service-in-germany,https://technology.inquirer.net/125230/ai-church-service-in-germany,0,1.0,hamming<=6;jaccard>=0.82,conservative thresholds satisfied
MERGE_NEAR_DUP,https://restauranttechnologynews.com/2023/10/burger-king-selects-par-technology-as-its-exclusive-point-of-sale-software-and-services-provider-across-north-america/,https://restauranttechnologynews.com/2023/10/burger-king-selects-par-technology-as-its-exclusive-point-of-sale-software-and-services-provider-across-north-america/,0,1.0,hamming<=6;jaccard>=0.82,conservative thresholds satisfied
MERGE_NEAR_DUP,https://www.reuters.com/technology/tech-sponsored-study-criticises-plan-exclude-non-eu-cloud-vendors-2023-03-06/,https://www.msn.com/en-us/money/other/tech-sponsored-study-criticises-plan-to-exclude-non-eu-cloud-vendors/ar-AA18g8A9,0,1.0,hamming<=6;jaccard>=0.82,conservative thresholds satisfied
REJECT_HAMMING,https://www.hwdsb.on.ca/secondary/programs/shsm/information-communications-technology-shsm/,https://www.linkedin.com/advice/0/what-role-technology-omnichannel-service,20,0.0,hamming<=6;jaccard>=0.82,SimHash distance above 6/64
MERGE_NEAR_DUP,https://www.aalto.fi/en/programmes/masters-programme-in-information-and-service-management,https://www.aalto.fi/en/programmes/masters-programme-in-information-and-service-management,0,1.0,hamming<=6;jaccard>=0.82,conservative thresholds satisfied
MERGE_NEAR_DUP,https://www.law.com/corpcounsel/2023/02/15/law-lags-technology-as-delivery-drone-services-take-flight/,https://www.law.com/corpcounsel/2023/02/15/law-lags-technology-as-delivery-drone-services-take-flight/,0,1.0,hamming<=6;jaccard>=0.82,conservative thresholds satisfied
REJECT_HAMMING,https://www.wsj.com/finance/investing/tech-media-telecom-roundup-market-talk-83ebe23c,https://www.wsj.com/articles/tech-media-telecom-roundup-market-talk-11674740969,11,0.5333,hamming<=6;jaccard>=0.82,SimHash distance above 6/64
MERGE_NEAR_DUP,https://www.tmcnet.com/usubmit/2023/09/13/9879872.htm,https://www.tmcnet.com/usubmit/2023/09/13/9879872.htm,0,1.0,hamming<=6;jaccard>=0.82,conservative thresholds satisfied
REJECT_HAMMING,https://www.newsweek.com/topic/department-health-and-human-services,https://www.businesswire.com/news/home/20230509005100/en/Extreme-Creates-First-Networking-Cloud-Continuum-Delivering-Flexibility-Cloud-Sovereignty,23,0.0,hamming<=6;jaccard>=0.82,SimHash distance above 6/64
MERGE_NEAR_DUP,https://www.newsweek.com/topic/department-health-and-human-services,https://www.newsweek.com/topic/department-health-and-human-services,0,1.0,hamming<=6;jaccard>=0.82,conservative thresholds satisfied
MERGE_NEAR_DUP,https://www.thebusinessdesk.com/northwest/news/2111178-city-round-up-johnson-service-group-k3-business-technology,https://www.thebusinessdesk.com/northwest/news/2111178-city-round-up-johnson-service-group-k3-business-technology,0,1.0,hamming<=6;jaccard>=0.82,conservative thresholds satisfied
MERGE_NEAR_DUP,https://leadership.ng/behold-a-national-centre-to-share-data-and-services-for-nigerias-digital-economy/,https://leadership.ng/behold-a-national-centre-to-share-data-and-services-for-nigerias-digital-economy/,0,1.0,hamming<=6;jaccard>=0.82,conservative thresholds satisfied
REJECT_HAMMING,https://indianexpress.com/article/technology/tech-news-technology/onedrive-office-365-down-microsoft-apps-suffer-major-outage-8357105/,https://apnews.com/article/faa-airplanes-close-calls-technology-49435f599a50c9cbc687c591e2a42939,24,0.0,hamming<=6;jaccard>=0.82,SimHash distance above 6/64
MERGE_NEAR_DUP,http://www.chinadaily.com.cn/a/202307/16/WS64b3ec6ea31035260b816adc.html,http://www.chinadaily.com.cn/a/202307/16/WS64b3ec6ea31035260b816adc.html,0,1.0,hamming<=6;jaccard>=0.82,conservative thresholds satisfied
MERGE_NEAR_DUP,https://indianexpress.com/article/technology/tech-news-technology/jio-fiber-service-down-restore-8349019/,https://indianexpress.com/article/technology/tech-news-technology/jio-fiber-service-down-restore-8349019/,0,1.0,hamming<=6;jaccard>=0.82,conservative thresholds satisfied
MERGE_NEAR_DUP,https://www.monitor.co.ug/uganda/oped/letters/technology-and-social-justice-the-chasm-in-between-4110082,https://www.monitor.co.ug/uganda/oped/letters/technology-and-social-justice-the-chasm-in-between-4110082,0,1.0,hamming<=6;jaccard>=0.82,conservative thresholds satisfied
MERGE_NEAR_DUP,https://indianexpress.com/article/technology/science/isro-hot-tests-gaganyaan-mission-8850675/,https://indianexpress.com/article/technology/science/isro-hot-tests-gaganyaan-mission-8850675/,0,1.0,hamming<=6;jaccard>=0.82,conservative thresholds satisfied
MERGE_NEAR_DUP,https://medcitynews.com/2022/12/healthcare-access-and-equity-womens-health-and-technology-hold-the-keys/,https://medcitynews.com/2022/12/healthcare-access-and-equity-womens-health-and-technology-hold-the-keys/,0,1.0,hamming<=6;jaccard>=0.82,conservative thresholds satisfied
MERGE_NEAR_DUP,https://au.news.yahoo.com/information-services-group-nasdaq-iii-100744054.html,https://au.news.yahoo.com/information-services-group-nasdaq-iii-100744054.html,0,1.0,hamming<=6;jaccard>=0.82,conservative thresholds satisfied
MERGE_NEAR_DUP,https://seekingalpha.com/news/3989409-fidelity-national-information-services-inc-declares-0_52-dividend,https://seekingalpha.com/news/3989409-fidelity-national-information-services-inc-declares-0_52-dividend,0,1.0,hamming<=6;jaccard>=0.82,conservative thresholds satisfied
MERGE_NEAR_DUP,https://finance.yahoo.com/news/think-fidelity-national-information-services-082133891.html,https://finance.yahoo.com/news/think-fidelity-national-information-services-082133891.html,0,1.0,hamming<=6;jaccard>=0.82,conservative thresholds satisfied
MERGE_NEAR_DUP,https://www.jagranjosh.com/articles/cbse-class-12-information-technology-syllabus-pdf-download-1679050355-1,https://www.jagranjosh.com/articles/cbse-class-12-information-technology-syllabus-pdf-download-1679050355-1,0,1.0,hamming<=6;jaccard>=0.82,conservative thresholds satisfied
REJECT_HAMMING,https://www.standardmedia.co.ke/opinion/article/2001467061/technology-has-greatly-helped-to-boost-revenue-collection,https://www.msn.com/en-za/news/other/6-3-million-10111-calls-went-unanswered-over-last-3-years/ar-AA19X9He,25,0.0,hamming<=6;jaccard>=0.82,SimHash distance above 6/64
MERGE_NEAR_DUP,https://www.aha.org/topics/health-information-technology-hit,https://www.aha.org/topics/health-information-technology-hit,0,1.0,hamming<=6;jaccard>=0.82,conservative thresholds satisfied
REJECT_HAMMING,https://finchannel.com/adopting-cloud-tech-a-vital-move-towards-fostering-trust-and-improving-data-exchange-accessibility/115422/tech-2/2023/04/,https://www.yahoo.com/now/electric-toothbrush-market-touch-usd-140500826.html,18,0.0,hamming<=6;jaccard>=0.82,SimHash distance above 6/64
MERGE_NEAR_DUP,https://news.webindia123.com/news/articles/Business/20221203/4010441.html,https://news.webindia123.com/news/articles/Business/20221203/4010441.html,0,1.0,hamming<=6;jaccard>=0.82,conservative thresholds satisfied
MERGE_NEAR_DUP,https://www.cnet.com/personal-finance/banking/cds/understanding-callable-cds-are-they-a-safe-investment/,https://www.cnet.com/personal-finance/banking/cds/understanding-callable-cds-are-they-a-safe-investment/,0,1.0,hamming<=6;jaccard>=0.82,conservative thresholds satisfied
MERGE_NEAR_DUP,https://journaltimes.com/closing-service-gaps-with-technology-to-be-discussed/article_65c87250-edd2-11ed-acd4-4f604935ed01.html,https://journaltimes.com/closing-service-gaps-with-technology-to-be-discussed/article_65c87250-edd2-11ed-acd4-4f604935ed01.html,0,1.0,hamming<=6;jaccard>=0.82,conservative thresholds satisfied
MERGE_NEAR_DUP,https://www.boisestate.edu/cobe-itscm/it-management/,https://www.boisestate.edu/cobe-itscm/it-management/,0,1.0,hamming<=6;jaccard>=0.82,conservative thresholds satisfied
REJECT_HAMMING,https://www.bloomberg.com/news/articles/2023-02-13/tech-industry-layoffs-continue-to-spread-can-workers-find-new-jobs,https://www.waketech.edu/programs-courses/credit/credit-programs/human-services-technology/degrees-programs/a4538e,23,0.0,hamming<=6;jaccard>=0.82,SimHash distance above 6/64
REJECT_HAMMING,https://www.bloomberg.com/news/articles/2023-02-13/tech-industry-layoffs-continue-to-spread-can-workers-find-new-jobs,https://www.waketech.edu/programs-courses/credit/human-services-technology/degrees-programs,23,0.0,hamming<=6;jaccard>=0.82,SimHash distance above 6/64
MERGE_NEAR_DUP,https://www.aclu.org/cases/rogers-v-health-and-human-services,https://www.aclu.org/cases/rogers-v-health-and-human-services,0,1.0,hamming<=6;jaccard>=0.82,conservative thresholds satisfied
MERGE_NEAR_DUP,https://www.myjoyonline.com/knet-launches-iot-service-based-on-ayecka-technology/,https://www.myjoyonline.com/knet-launches-iot-service-based-on-ayecka-technology/,0,1.0,hamming<=6;jaccard>=0.82,conservative thresholds satisfied
REJECT_HAMMING,https://www.msn.com/en-in/money/topstories/govt-to-launch-digital-india-innovation-fund-for-deep-tech-startups/ar-AA15PHap,https://www.insidermonkey.com/blog/top-5-information-technology-countries-in-the-world-1147237/,25,0.0,hamming<=6;jaccard>=0.82,SimHash distance above 6/64
REJECT_HAMMING,https://www.msn.com/en-in/money/topstories/govt-to-launch-digital-india-innovation-fund-for-deep-tech-startups/ar-AA15PHap,https://www.insidermonkey.com/blog/top-5-information-technology-countries-in-the-world-1147237/,25,0.0,hamming<=6;jaccard>=0.82,SimHash distance above 6/64
MERGE_NEAR_DUP,https://www.ghanaweb.com/GhanaHomePage/NewsArchive/KNET-launches-IoT-service-based-on-AYECKA-technology-1669469,https://www.ghanaweb.com/GhanaHomePage/NewsArchive/KNET-launches-IoT-service-based-on-AYECKA-technology-1669469,0,1.0,hamming<=6;jaccard>=0.82,conservative thresholds satisfied
MERGE_NEAR_DUP,https://www.tampabay.com/news/tampa/2023/08/01/need-housing-information-tampa-launches-tenant-services-team-help/,https://www.tampabay.com/news/tampa/2023/08/01/need-housing-information-tampa-launches-tenant-services-team-help/,0,1.0,hamming<=6;jaccard>=0.82,conservative thresholds satisfied
MERGE_NEAR_DUP,https://www.nbcchicago.com/news/local/southwest-airlines-technology-issues-outage-airports-delays/3121450/,https://www.nbcchicago.com/news/local/southwest-airlines-technology-issues-outage-airports-delays/3121450/,0,1.0,hamming<=6;jaccard>=0.82,conservative thresholds satisfied
MERGE_NEAR_DUP,https://www.yahoo.com/lifestyle/hidden-upside-tech-layoffs-110500676.html,https://sports.yahoo.com/hidden-upside-tech-layoffs-110500676.html,0,1.0,hamming<=6;jaccard>=0.82,conservative thresholds satisfied
MERGE_NEAR_DUP,https://www.yahoo.com/lifestyle/hidden-upside-tech-layoffs-110500676.html,https://www.msn.com/en-us/money/careersandeducation/the-hidden-upside-of-tech-layoffs/ar-AA15gyEl,0,1.0,hamming<=6;jaccard>=0.82,conservative thresholds satisfied
REJECT_HAMMING,https://scitechdaily.com/new-study-we-are-wasting-up-to-20-percent-of-our-time-on-computer-problems/,https://www.canada.ca/en/atlantic-canada-opportunities/services/business-information-services.html,23,0.0,hamming<=6;jaccard>=0.82,SimHash distance above 6/64
MERGE_NEAR_DUP,https://www.bloomsbury.com/us/library-programs-and-services-9781440878695/,https://www.bloomsbury.com/us/library-programs-and-services-9781440878695/,0,1.0,hamming<=6;jaccard>=0.82,conservative thresholds satisfied
MERGE_NEAR_DUP,https://www.businesswire.com/news/home/20230821047263/en/CrowdStrike-Dominates-SC-Awards-2023-Winning-Best-Enterprise-Security-Solution-and-Best-Managed-Detection-and-Response-Service/,https://www.businesswire.com/news/home/20230821047263/en/CrowdStrike-Dominates-SC-Awards-2023-Winning-Best-Enterprise-Security-Solution-and-Best-Managed-Detection-and-Response-Service/,0,1.0,hamming<=6;jaccard>=0.82,conservative thresholds satisfied
MERGE_NEAR_DUP,https://www.zdnet.com/article/headphones-a-beginners-guide-to-terminology-and-technology/,https://www.zdnet.com/article/headphones-a-beginners-guide-to-terminology-and-technology/,0,1.0,hamming<=6;jaccard>=0.82,conservative thresholds satisfied
MERGE_NEAR_DUP,https://www.marketwatch.com/press-release/broadcast-and-media-technology-and-services-market-industry-forecast-2023---2029-2023-03-18,https://www.marketwatch.com/press-release/broadcast-and-media-technology-and-services-market-industry-forecast-2023---2029-2023-03-18,0,1.0,hamming<=6;jaccard>=0.82,conservative thresholds satisfied
MERGE_NEAR_DUP,https://www.wsj.com/finance/investing/tech-media-telecom-roundup-market-talk-6d2fa57,https://www.wsj.com/articles/tech-media-telecom-roundup-market-talk-93d3090,0,1.0,hamming<=6;jaccard>=0.82,conservative thresholds satisfied
MERGE_NEAR_DUP,https://www.wsj.com/finance/investing/tech-media-telecom-roundup-market-talk-6d2fa57,https://www.wsj.com/articles/tech-media-telecom-roundup-market-talk-2b75b99a,0,1.0,hamming<=6;jaccard>=0.82,conservative thresholds satisfied
MERGE_NEAR_DUP,https://www.thegazette.com/k/what-does-information-technology-in-schools-look-like-today/,https://www.thegazette.com/k/what-does-information-technology-in-schools-look-like-today/,0,1.0,hamming<=6;jaccard>=0.82,conservative thresholds satisfied
MERGE_NEAR_DUP,https://www.nasdaq.com/articles/thursday-sector-leaders:-technology-communications-services-4,https://www.nasdaq.com/articles/thursday-sector-leaders:-technology-communications-services-4,0,1.0,hamming<=6;jaccard>=0.82,conservative thresholds satisfied
REJECT_HAMMING,https://www.engineeringnews.co.za/article/university-of-pretoria-faculty-of-engineering-built-environment-and-information-technology-where-smart-cities-disruptive-engineering-and-machine-learning-meet-2023-02-23,https://finance.yahoo.com/news/3-stocks-watch-promising-technology-171500999.html,25,0.0,hamming<=6;jaccard>=0.82,SimHash distance above 6/64
MERGE_NEAR_DUP,https://guardian.ng/opinion/scrap-information-ministry-return-nigerian-broadcasting-service/,https://guardian.ng/opinion/scrap-information-ministry-return-nigerian-broadcasting-service/,0,1.0,hamming<=6;jaccard>=0.82,conservative thresholds satisfied
MERGE_NEAR_DUP,https://www.ohio.edu/news/2023/06/summer-semester-start-technology-message-provides-helpful-information-ohio-instructors,https://www.ohio.edu/news/2023/06/summer-semester-start-technology-message-provides-helpful-information-ohio-instructors,0,1.0,hamming<=6;jaccard>=0.82,conservative thresholds satisfied
MERGE_NEAR_DUP,https://www.msn.com/en-us/news/technology/spam-callstexts-have-increased-so-can-they-be-stopped/ar-AA15i5G0,https://www.msn.com/en-us/news/technology/spam-calls-texts-have-increased-so-can-they-be-stopped/ar-AA15ickC,0,1.0,hamming<=6;jaccard>=0.82,conservative thresholds satisfied
MERGE_NEAR_DUP,https://www.msn.com/en-us/news/technology/spam-callstexts-have-increased-so-can-they-be-stopped/ar-AA15i5G0,https://www.msn.com/en-us/news/technology/spam-callstexts-have-increased-so-can-they-be-stopped/ar-AA15iiJg,0,1.0,hamming<=6;jaccard>=0.82,conservative thresholds satisfied
REJECT_HAMMING,https://www.infosys.com/newsroom/press-releases/2023/collaborates-enterprise-products-applications.html,https://siliconangle.com/2023/05/24/customer-centricity-takes-center-stage-dell-addressing-cloud-mobility-delltechworld/,27,0.0,hamming<=6;jaccard>=0.82,SimHash distance above 6/64
MERGE_NEAR_DUP,https://www.wsj.com/articles/tech-media-telecom-roundup-market-talk-93d3090,https://www.wsj.com/articles/tech-media-telecom-roundup-market-talk-2b75b99a,0,1.0,hamming<=6;jaccard>=0.82,conservative thresholds satisfied
MERGE_NEAR_DUP,https://www.finanznachrichten.de/nachrichten-2022-12/57773200-graid-technology-graid-technology-and-liqid-announce-accelerated-data-protection-for-the-world-s-fastest-nvme-flash-399.htm,https://www.finanznachrichten.de/nachrichten-2022-12/57773200-graid-technology-graid-technology-and-liqid-announce-accelerated-data-protection-for-the-world-s-fastest-nvme-flash-399.htm,0,1.0,hamming<=6;jaccard>=0.82,conservative thresholds satisfied
MERGE_NEAR_DUP,https://www.insidermonkey.com/blog/top-5-information-technology-countries-in-the-world-1147237/,https://www.insidermonkey.com/blog/top-5-information-technology-countries-in-the-world-1147237/,0,1.0,hamming<=6;jaccard>=0.82,conservative thresholds satisfied
MERGE_NEAR_DUP,https://sports.yahoo.com/hidden-upside-tech-layoffs-110500676.html,https://www.msn.com/en-us/money/careersandeducation/the-hidden-upside-of-tech-layoffs/ar-AA15gyEl,0,1.0,hamming<=6;jaccard>=0.82,conservative thresholds satisfied
MERGE_NEAR_DUP,https://www.nextgov.com/emerging-tech/2023/01/ncua-names-director-new-financial-technology-and-access-team/381457/,https://www.nextgov.com/emerging-tech/2023/01/ncua-names-director-new-financial-technology-and-access-team/381457/,0,1.0,hamming<=6;jaccard>=0.82,conservative thresholds satisfied
MERGE_NEAR_DUP,https://www.businesswire.com/news/home/20230608005701/en/,https://www.businesswire.com/news/home/20230608005701/en/,0,1.0,hamming<=6;jaccard>=0.82,conservative thresholds satisfied
MERGE_NEAR_DUP,https://thehill.com/policy/technology/3952662-new-twitter-settings-could-hinder-timely-storm-warnings-national-weather-service/,https://thehill.com/policy/technology/3952662-new-twitter-settings-could-hinder-timely-storm-warnings-national-weather-service/,0,1.0,hamming<=6;jaccard>=0.82,conservative thresholds satisfied
REJECT_HAMMING,https://www.stockport.gov.uk/freedom-of-information,https://dallasinnovates.com/primoris-services-appoints-new-chief-information-officer/,24,0.0,hamming<=6;jaccard>=0.82,SimHash distance above 6/64
MERGE_NEAR_DUP,https://www.wsj.com/articles/tech-media-telecom-roundup-market-talk-26e23e99,https://www.wsj.com/articles/tech-media-telecom-roundup-market-talk-11674827392,0,1.0,hamming<=6;jaccard>=0.82,conservative thresholds satisfied
REJECT_JACCARD,https://www.newspressnow.com/opinion/its_your_call/its-your-call-for-dec-20/article_297c71fc-7fd7-11ed-8e3f-f7c3a043d6d7.html,https://www.newspressnow.com/opinion/its_your_call/its-your-call-for-dec-20/article_297c71fc-7fd7-11ed-8e3f-f7c3a043d6d7.html,0,0.0,hamming<=6;jaccard>=0.82,5-gram Jaccard below 0.82
REJECT_JACCARD,https://www.newspressnow.com/opinion/its_your_call/its-your-call-for-dec-20/article_297c71fc-7fd7-11ed-8e3f-f7c3a043d6d7.html,https://www.newspressnow.com/opinion/its_your_call/its-your-call-for-march-24/article_88d78b28-c94c-11ed-badc-439c776e82bb.html,0,0.0,hamming<=6;jaccard>=0.82,5-gram Jaccard below 0.82
REJECT_JACCARD,https://www.newspressnow.com/opinion/its_your_call/its-your-call-for-dec-20/article_297c71fc-7fd7-11ed-8e3f-f7c3a043d6d7.html,https://www.newspressnow.com/opinion/its_your_call/its-your-call-dec-14/article_0beebf92-7a6d-11ed-996a-dbeb3a7cb9a7.html,0,0.0,hamming<=6;jaccard>=0.82,5-gram Jaccard below 0.82
MERGE_NEAR_DUP,https://www.yahoo.com/entertainment/cerecore-expands-healthcare-technology-services-120000053.html,https://www.finanznachrichten.de/nachrichten-2022-12/57793723-cerecore-expands-healthcare-technology-services-into-the-uk-008.htm,0,1.0,hamming<=6;jaccard>=0.82,conservative thresholds satisfied
MERGE_NEAR_DUP,https://www.computerweekly.com/feature/Is-composable-business-the-most-essential-technology-trend-to-meet-the-challenges-of-2023-and-beyond,https://www.computerweekly.com/feature/Is-composable-business-the-most-essential-technology-trend-to-meet-the-challenges-of-2023-and-beyond,0,1.0,hamming<=6;jaccard>=0.82,conservative thresholds satisfied
REJECT_HAMMING,https://www.businesswire.com/news/home/20230509005100/en/Extreme-Creates-First-Networking-Cloud-Continuum-Delivering-Flexibility-Cloud-Sovereignty,https://www.newsweek.com/topic/department-health-and-human-services,23,0.0,hamming<=6;jaccard>=0.82,SimHash distance above 6/64
MERGE_NEAR_DUP,https://techbullion.com/trending-sports-technology-innovations-improving-sports-services/,https://techbullion.com/trending-sports-technology-innovations-improving-sports-services/,0,1.0,hamming<=6;jaccard>=0.82,conservative thresholds satisfied
MERGE_NEAR_DUP,https://www.middlebury.edu/information-technology-services/news/issue-update-access-microsoft-365-online-services,https://www.middlebury.edu/information-technology-services/news/issue-update-access-microsoft-365-online-services,0,1.0,hamming<=6;jaccard>=0.82,conservative thresholds satisfied
REJECT_HAMMING,https://www.mmsonline.com/news/sw-north-america-to-host-open-house-technology-day,https://www.autonews.com/service-and-parts/got-question-group-1-has-best-call-centers,22,0.0,hamming<=6;jaccard>=0.82,SimHash distance above 6/64
MERGE_NEAR_DUP,https://www.benzinga.com/markets/cannabis/22/12/30159302/this-firm-believes-it-has-the-technology-and-expertise-to-help-clients-invest-better-in-the-cann,https://www.benzinga.com/markets/cannabis/22/12/30159302/this-firm-believes-it-has-the-technology-and-expertise-to-help-clients-invest-better-in-the-cann,0,1.0,hamming<=6;jaccard>=0.82,conservative thresholds satisfied
MERGE_NEAR_DUP,https://www.itcilo.org/courses/e-learning-information-and-communication-technology,https://www.itcilo.org/courses/e-learning-information-and-communication-technology,0,1.0,hamming<=6;jaccard>=0.82,conservative thresholds satisfied
MERGE_NEAR_DUP,https://markets.businessinsider.com/news/stocks/sygnia-named-in-the-2023-gartner-market-guide-for-digital-forensics-and-incident-response-retainer-services-for-the-second-consecutive-time-1032172330,https://markets.businessinsider.com/news/stocks/sygnia-named-in-the-2023-gartner-market-guide-for-digital-forensics-and-incident-response-retainer-services-for-the-second-consecutive-time-1032172330,0,1.0,hamming<=6;jaccard>=0.82,conservative thresholds satisfied
MERGE_NEAR_DUP,https://www.ibef.org/industry/information-technology-india,https://www.ibef.org/industry/information-technology-india,0,1.0,hamming<=6;jaccard>=0.82,conservative thresholds satisfied
MERGE_NEAR_DUP,https://www.c4isrnet.com/battlefield-tech/it-networks/2023/09/20/leidos-wins-79-billion-us-army-information-technology-contract/,https://www.c4isrnet.com/battlefield-tech/it-networks/2023/09/20/leidos-wins-79-billion-us-army-information-technology-contract/,0,1.0,hamming<=6;jaccard>=0.82,conservative thresholds satisfied
MERGE_NEAR_DUP,https://medicalxpress.com/tags/information+technology/,https://medicalxpress.com/tags/information+technology/,0,1.0,hamming<=6;jaccard>=0.82,conservative thresholds satisfied
MERGE_NEAR_DUP,https://seekingalpha.com/article/4593865-selected-information-technology-stocks-ranked-by-value,https://seekingalpha.com/article/4593865-selected-information-technology-stocks-ranked-by-value,0,1.0,hamming<=6;jaccard>=0.82,conservative thresholds satisfied
REJECT_HAMMING,https://www.msn.com/en-us/money/companies/tech-layoffs-aren-t-slowing-down-for-many-companies-here-s-why/ar-AA18h9Gh,https://www.israelnationalnews.com/flashes/605337,27,0.0,hamming<=6;jaccard>=0.82,SimHash distance above 6/64
MERGE_NEAR_DUP,https://finance.yahoo.com/news/toast-restaurant-technology-platform-approved-120000628.html,https://finance.yahoo.com/news/toast-restaurant-technology-platform-approved-120000628.html,0,1.0,hamming<=6;jaccard>=0.82,conservative thresholds satisfied
REJECT_HAMMING,https://www.news24.com/fin24/companies/south-africas-spar-loses-information-technology-chief-after-sap-bungle-20230916,https://www.rcrwireless.com/20230120/carriers/tech-is-the-problem-and-the-solution-telefonica-on-the-future-of-work-and-society,20,0.0,hamming<=6;jaccard>=0.82,SimHash distance above 6/64
MERGE_NEAR_DUP,https://www.reuters.com/technology/belgiums-intelligence-service-monitors-alibaba-hub-over-espionage-concerns-ft-2023-10-05/,https://www.reuters.com/technology/belgiums-intelligence-service-monitors-alibaba-hub-over-espionage-concerns-ft-2023-10-05/,0,1.0,hamming<=6;jaccard>=0.82,conservative thresholds satisfied
REJECT_HAMMING,https://www.cmswire.com/contact-center/top-call-center-technology-trends/,https://markets.businessinsider.com/news/stocks/analysts-offer-insights-on-technology-companies-nerdy-nrdy-and-squarespace-sqsp-1032311189,31,0.0,hamming<=6;jaccard>=0.82,SimHash distance above 6/64
MERGE_NEAR_DUP,https://www.cmswire.com/contact-center/top-call-center-technology-trends/,https://www.cmswire.com/contact-center/top-call-center-technology-trends/,0,1.0,hamming<=6;jaccard>=0.82,conservative thresholds satisfied
MERGE_NEAR_DUP,https://www.nfcw.com/2022/12/15/380979/queensland-to-let-passengers-get-real-time-service-information-at-bus-stops-on-their-nfc-smartphone/,https://www.nfcw.com/2022/12/15/380979/queensland-to-let-passengers-get-real-time-service-information-at-bus-stops-on-their-nfc-smartphone/,0,1.0,hamming<=6;jaccard>=0.82,conservative thresholds satisfied
REJECT_HAMMING,https://indianexpress.com/article/opinion/columns/minister-of-railways-communications-and-electronics-it-ashwini-vaishnaw-writes-technology-at-your-service-8520448/,https://www.builtinchicago.org/2023/10/30/9-chicago-companies-hiring-fall,25,0.0,hamming<=6;jaccard>=0.82,SimHash distance above 6/64
MERGE_NEAR_DUP,https://www.cnet.com/tech/how-we-test-products-and-services/,https://www.cnet.com/tech/services-and-software/best-live-tv-streaming-service-for-cord-cutters/,0,1.0,hamming<=6;jaccard>=0.82,conservative thresholds satisfied
REJECT_HAMMING,https://www.cnet.com/tech/how-we-test-products-and-services/,https://www.linkedin.com/pulse/global-information-technology-security-service-market,30,0.0,hamming<=6;jaccard>=0.82,SimHash distance above 6/64
REJECT_HAMMING,https://www.denverpost.com/2023/08/04/cu-boulder-digital-touch-technology/,https://www.nasdaq.com/articles/why-a10-networks-stock-crashed-this-week,25,0.0,hamming<=6;jaccard>=0.82,SimHash distance above 6/64
REJECT_HAMMING,https://www.cnet.com/tech/services-and-software/best-live-tv-streaming-service-for-cord-cutters/,https://www.linkedin.com/pulse/global-information-technology-security-service-market,30,0.0,hamming<=6;jaccard>=0.82,SimHash distance above 6/64
MERGE_NEAR_DUP,https://wgnradio.com/news/hospital-computer-systems-in-5-states-hit-by-cyberattack/,https://www.kxan.com/news/texas-hospital-computer-system-hit-by-cyberattack/,0,1.0,hamming<=6;jaccard>=0.82,conservative thresholds satisfied
MERGE_NEAR_DUP,https://www.govexec.com/technology/2022/12/omnibus-funding-bill-includes-50-million-tmf-90-million-citizen-services-fund/381177/,https://www.govexec.com/technology/2022/12/omnibus-funding-bill-includes-50-million-tmf-90-million-citizen-services-fund/381177/,0,1.0,hamming<=6;jaccard>=0.82,conservative thresholds satisfied
MERGE_NEAR_DUP,https://www.govexec.com/technology/2022/12/omnibus-funding-bill-includes-50-million-tmf-90-million-citizen-services-fund/381177/,https://www.govexec.com/technology/2022/12/omnibus-funding-bill-includes-50-million-tmf-90-million-citizen-services-fund/381177/,0,1.0,hamming<=6;jaccard>=0.82,conservative thresholds satisfied
MERGE_NEAR_DUP,https://www.govexec.com/technology/2022/12/omnibus-funding-bill-includes-50-million-tmf-90-million-citizen-services-fund/381177/,https://www.govexec.com/technology/2022/12/omnibus-funding-bill-includes-50-million-tmf-90-million-citizen-services-fund/381177/,0,1.0,hamming<=6;jaccard>=0.82,conservative thresholds satisfied
REJECT_HAMMING,https://biztechmagazine.com/article/2023/03/mini-pcs-vs-laptops-whats-difference-and-what-right-your-organization,https://www.travel.taipei/en/information/mobileservice,20,0.0,hamming<=6;jaccard>=0.82,SimHash distance above 6/64
MERGE_NEAR_DUP,https://www.waketech.edu/programs-courses/credit/credit-programs/human-services-technology/degrees-programs/a4538e,https://www.waketech.edu/programs-courses/credit/human-services-technology/degrees-programs,0,1.0,hamming<=6;jaccard>=0.82,conservative thresholds satisfied
REJECT_HAMMING,https://www.nasdaq.com/articles/3-stocks-to-watch-from-a-promising-technology-services-industry,https://www.msn.com/en-gb/money/other/classy-five-word-response-from-pub-to-customer-s-complaint-after-waiting-15-minutes-for-carvery/ar-AA15RwXx,21,0.0,hamming<=6;jaccard>=0.82,SimHash distance above 6/64
MERGE_NEAR_DUP,https://www.psychologytoday.com/us/blog/platform-for-success/202302/the-limits-of-listening,https://www.psychologytoday.com/intl/blog/platform-for-success/202302/the-limits-of-listening,0,1.0,hamming<=6;jaccard>=0.82,conservative thresholds satisfied
MERGE_NEAR_DUP,https://www.dailynews.com/2023/03/15/the-secrets-of-southern-california-speakeasies-how-to-find-one-how-to-get-in/,https://www.sgvtribune.com/2023/03/15/the-secrets-of-southern-california-speakeasies-how-to-find-one-how-to-get-in/,0,1.0,hamming<=6;jaccard>=0.82,conservative thresholds satisfied
MERGE_NEAR_DUP,https://www.dailynews.com/2023/03/15/the-secrets-of-southern-california-speakeasies-how-to-find-one-how-to-get-in/,https://www.presstelegram.com/2023/03/15/the-secrets-of-southern-california-speakeasies-how-to-find-one-how-to-get-in/,0,1.0,hamming<=6;jaccard>=0.82,conservative thresholds satisfied
MERGE_NEAR_DUP,https://www.dailynews.com/2023/03/15/the-secrets-of-southern-california-speakeasies-how-to-find-one-how-to-get-in/,https://www.redlandsdailyfacts.com/2023/03/15/the-secrets-of-southern-california-speakeasies-how-to-find-one-how-to-get-in/,0,1.0,hamming<=6;jaccard>=0.82,conservative thresholds satisfied
MERGE_NEAR_DUP,https://www.msn.com/en-us/news/technology/spam-calls-texts-have-increased-so-can-they-be-stopped/ar-AA15ickC,https://www.msn.com/en-us/news/technology/spam-callstexts-have-increased-so-can-they-be-stopped/ar-AA15iiJg,0,1.0,hamming<=6;jaccard>=0.82,conservative thresholds satisfied
REJECT_HAMMING,https://www.benzinga.com/pressreleases/23/06/tr32862620/flsmidth-to-sell-non-core-activities-material-handling-technology-assets-to-koch-solutions-and-ac,https://www.vanguardngr.com/2023/06/cupp-to-new-service-chiefs-adopt-technology-strategy-to-tackle-security-challenges/,22,0.0,hamming<=6;jaccard>=0.82,SimHash distance above 6/64
REJECT_HAMMING,https://www.benzinga.com/pressreleases/23/06/tr32862620/flsmidth-to-sell-non-core-activities-material-handling-technology-assets-to-koch-solutions-and-ac,https://www.vanguardngr.com/2023/06/cupp-to-service-chiefs-adopt-technology-strategy-to-tackle-nigerias-security-challenges/,22,0.0,hamming<=6;jaccard>=0.82,SimHash distance above 6/64
REJECT_HAMMING,https://www.uh.edu/education/student-services/technology-services/,https://www.news.com.au/technology/science/animals/queensland-parks-and-wildlife-service-fines-fisherman-for-feeding-dolphin/news-story/fd87154f39c582853e20a395b080a849,22,0.0,hamming<=6;jaccard>=0.82,SimHash distance above 6/64
MERGE_NEAR_DUP,https://abc7chicago.com/411-out-of-service-att-customers-landlines/12671256/,https://abc7news.com/411-out-of-service-att-customers-landlines/12671256/,0,1.0,hamming<=6;jaccard>=0.82,conservative thresholds satisfied
MERGE_NEAR_DUP,https://www.federalregister.gov/documents/2007/03/02/07-951/information-technology-and-telecommunications-guidelines-for-federal-telework-and-other-alternative,https://www.federalregister.gov/documents/2023/06/16/2023-12925/securing-the-information-and-communications-technology-and-services-supply-chain-connected-software,0,1.0,hamming<=6;jaccard>=0.82,conservative thresholds satisfied
MERGE_NEAR_DUP,https://www.wvnews.com/news/wvnews/harrison-taylor-911-at-t-working-to-resolve-911-dialing-issue-for-cell-phones-in/article_bccf59ec-ca8c-11ed-956f-e3390d9b64b5.html,https://www.wvnews.com/news/wvnews/harrison-911-at-t-working-to-resolve-911-dialing-issue-for-cell-phones-in-north/article_bccf59ec-ca8c-11ed-956f-e3390d9b64b5.html,0,1.0,hamming<=6;jaccard>=0.82,conservative thresholds satisfied
MERGE_NEAR_DUP,https://www.cbsnews.com/news/customer-service-getting-worse-new-survey-technology-customer-anger/,https://www.cbsnews.com/sacramento/news/customer-service-getting-worse-new-survey-technology-customer-anger/,0,1.0,hamming<=6;jaccard>=0.82,conservative thresholds satisfied
REJECT_HAMMING,https://www.hbs.edu/faculty/topics/Pages/technology-and-innovation.aspx,https://www.tmcnet.com/usubmit/-roccats-best-selling-award-winning-pc-gaming-keyboards-/2023/06/20/9835476.htm,24,0.0,hamming<=6;jaccard>=0.82,SimHash distance above 6/64
MERGE_NEAR_DUP,https://finance.yahoo.com/news/ukg-celebrates-2022-technology-partners-150000192.html,https://www.yahoo.com/entertainment/ukg-celebrates-2022-technology-partners-150000192.html,0,1.0,hamming<=6;jaccard>=0.82,conservative thresholds satisfied
REJECT_HAMMING,https://www.nasdaq.com/articles/stephens-co.-upgrades-fidelity-national-information-services-fis,https://economictimes.indiatimes.com/tech/startups/zoomcar-appoints-ashu-singhal-as-chief-technology-and-product-officer/articleshow/96882148.cms,20,0.0,hamming<=6;jaccard>=0.82,SimHash distance above 6/64
REJECT_JACCARD,https://www.newspressnow.com/opinion/its_your_call/its-your-call-for-dec-20/article_297c71fc-7fd7-11ed-8e3f-f7c3a043d6d7.html,https://www.newspressnow.com/opinion/its_your_call/its-your-call-for-march-24/article_88d78b28-c94c-11ed-badc-439c776e82bb.html,0,0.0,hamming<=6;jaccard>=0.82,5-gram Jaccard below 0.82
REJECT_JACCARD,https://www.newspressnow.com/opinion/its_your_call/its-your-call-for-dec-20/article_297c71fc-7fd7-11ed-8e3f-f7c3a043d6d7.html,https://www.newspressnow.com/opinion/its_your_call/its-your-call-dec-14/article_0beebf92-7a6d-11ed-996a-dbeb3a7cb9a7.html,0,0.0,hamming<=6;jaccard>=0.82,5-gram Jaccard below 0.82
MERGE_NEAR_DUP,https://www.sgvtribune.com/2023/03/15/the-secrets-of-southern-california-speakeasies-how-to-find-one-how-to-get-in/,https://www.presstelegram.com/2023/03/15/the-secrets-of-southern-california-speakeasies-how-to-find-one-how-to-get-in/,0,1.0,hamming<=6;jaccard>=0.82,conservative thresholds satisfied
MERGE_NEAR_DUP,https://www.sgvtribune.com/2023/03/15/the-secrets-of-southern-california-speakeasies-how-to-find-one-how-to-get-in/,https://www.redlandsdailyfacts.com/2023/03/15/the-secrets-of-southern-california-speakeasies-how-to-find-one-how-to-get-in/,0,1.0,hamming<=6;jaccard>=0.82,conservative thresholds satisfied
REJECT_JACCARD,https://www.newspressnow.com/opinion/its_your_call/its-your-call-for-march-24/article_88d78b28-c94c-11ed-badc-439c776e82bb.html,https://www.newspressnow.com/opinion/its_your_call/its-your-call-dec-14/article_0beebf92-7a6d-11ed-996a-dbeb3a7cb9a7.html,0,0.0,hamming<=6;jaccard>=0.82,5-gram Jaccard below 0.82
REJECT_HAMMING,https://www.newstimes.com/connecticutmagazine/home-living/article/A-gadget-guru-offers-up-tips-on-the-latest-devices-17665442.php?src=nthplifestyle,https://www.01net.it/align-technology-appoints-karim-boussebaa-evp-and-md-of-itero-scanner-and-services-business-yuval-shaked-to-leave-align-end-of-2023/,28,0.0,hamming<=6;jaccard>=0.82,SimHash distance above 6/64
MERGE_NEAR_DUP,https://www.msn.com/en-us/news/technology/spam-callstexts-have-increased-so-can-they-be-stopped/ar-AA15qd1f,https://www.msn.com/en-us/news/technology/spam-calls-texts-have-increased-so-can-they-be-stopped/ar-AA15qd1f,0,1.0,hamming<=6;jaccard>=0.82,conservative thresholds satisfied
MERGE_NEAR_DUP,https://www.presstelegram.com/2023/03/15/the-secrets-of-southern-california-speakeasies-how-to-find-one-how-to-get-in/,https://www.redlandsdailyfacts.com/2023/03/15/the-secrets-of-southern-california-speakeasies-how-to-find-one-how-to-get-in/,0,1.0,hamming<=6;jaccard>=0.82,conservative thresholds satisfied
REJECT_HAMMING,https://markets.businessinsider.com/news/stocks/analysts-offer-insights-on-technology-companies-nerdy-nrdy-and-squarespace-sqsp-1032311189,https://www.cmswire.com/contact-center/top-call-center-technology-trends/,31,0.0,hamming<=6;jaccard>=0.82,SimHash distance above 6/64
MERGE_NEAR_DUP,https://www.vanguardngr.com/2023/06/cupp-to-new-service-chiefs-adopt-technology-strategy-to-tackle-security-challenges/,https://www.vanguardngr.com/2023/06/cupp-to-service-chiefs-adopt-technology-strategy-to-tackle-nigerias-security-challenges/,0,1.0,hamming<=6;jaccard>=0.82,conservative thresholds satisfied
REJECT_HAMMING,https://finance.yahoo.com/news/life-science-health-wellness-technology-105300958.html,https://timesofmalta.com/articles/view/technology-cornerstone-financial-services-reform-a2.1033875,22,0.0,hamming<=6;jaccard>=0.82,SimHash distance above 6/64
REJECT_HAMMING,https://www.benzinga.com/pressreleases/22/12/n30111585/new-york-institute-of-technology-expands-partnership-with-everspring-to-launch-two-new-masters-pro,https://www.eurekalert.org/news-releases/976830,25,0.0,hamming<=6;jaccard>=0.82,SimHash distance above 6/64
MERGE_NEAR_DUP,https://news.yahoo.com/calling-911-person-answering-may-165449353.html,https://news.yahoo.com/calling-911-person-answering-may-091838720.html,0,1.0,hamming<=6;jaccard>=0.82,conservative thresholds satisfied
